User,Agency,Route,Run,VehicleID,ForwardEnd,VehicleCount,VehiclePosition,DepartureStop,ArrivalStop,Date,DepartureTime,ArrivalTime,Notes0,Notes1,Notes2,Notes3,Notes4
Seanny,MUNI,,,1079,,,,,,,,,,,,,
Seanny,CalTrain,,,4021,,,,,,,,,,,,,
Seanny,Golden Gate Transit,,,1952,,,,,,,,,,,,,
Seanny,NYC MTA,,,1103,,,,,,,,,,,,,
Seanny,NYC MTA,,,1132,,,,,,,,,,,,,
Seanny,NYC MTA,,,1423,,,,,,,,,,,,,
Seanny,NYC MTA,,,1748,,,,,,,,,,,,,
Seanny,NYC MTA,,,1758,,,,,,,,,,,,,
Seanny,NYC MTA,,,1769,,,,,,,,,,,,,
Seanny,NYC MTA,,,1845,,,,,,,,,,,,,
Seanny,NYC MTA,,,1875,,,,,,,,,,,,,
Seanny,NYC MTA,,,1924,,,,,,,,,,,,,
Seanny,NYC MTA,,,2036,,,,,,,,,,,,,
Seanny,NYC MTA,,,2042,,,,,,,,,,,,,
Seanny,NYC MTA,,,2048,,,,,,,,,,,,,
Seanny,NYC MTA,,,2051,,,,,,,,,,,,,
Seanny,NYC MTA,,,2053,,,,,,,,,,,,,
Seanny,NYC MTA,,,2171,,,,,,,,,,,,,
Seanny,NYC MTA,,,2260,,,,,,,,,,,,,
Seanny,NYC MTA,,,2357,,,,,,,,,,,,,
Seanny,NYC MTA,,,2388,,,,,,,,,,,,,
Seanny,NYC MTA,,,2434,,,,,,,,,,,,,
Seanny,NYC MTA,,,2511,,,,,,,,,,,,,
Seanny,NYC MTA,,,2616,,,,,,,,,,,,,
Seanny,NYC MTA,,,2766,,,,,,,,,,,,,
Seanny,NYC MTA,,,2834,,,,,,,,,,,,,
Seanny,NYC MTA,,,3132,,,,,,,,,,,,,
Seanny,NYC MTA,,,3147,,,,,,,,,,,,,
Seanny,NYC MTA,,,3159,,,,,,,,,,,,,
Seanny,NYC MTA,,,3303,,,,,,,,,,,,,
Seanny,NYC MTA,,,5105,,,,,,,,,,,,,
Seanny,NYC MTA,,,5772,,,,,,,,,,,,,
Seanny,NYC MTA,,,5773,,,,,,,,,,,,,
Seanny,NYC MTA,,,5848,,,,,,,,,,,,,
Seanny,NYC MTA,,,5902,,,,,,,,,,,,,
Seanny,NYC MTA,,,6018,,,,,,,,,,,,,
Seanny,NYC MTA,,,6060,,,,,,,,,,,,,
Seanny,NYC MTA,,,6068,,,,,,,,,,,,,
Seanny,NYC MTA,,,6154,,,,,,,,,,,,,
Seanny,NYC MTA,,,6203,,,,,,,,,,,,,
Seanny,NYC MTA,,,6210,,,,,,,,,,,,,
Seanny,NYC MTA,,,6304,,,,,,,,,,,,,
Seanny,NYC MTA,,,6334,,,,,,,,,,,,,
Seanny,NYC MTA,,,6448,,,,,,,,,,,,,
Seanny,NYC MTA,,,6450,,,,,,,,,,,,,
Seanny,NYC MTA,,,6846,,,,,,,,,,,,,
Seanny,NYC MTA,,,7098,,,,,,,,,,,,,
Seanny,NYC MTA,,,7171,,,,,,,,,,,,,
Seanny,NYC MTA,,,7718,,,,,,,,,,,,,
Seanny,NYC MTA,,,8574,,,,,,,,,,,,,
Seanny,NYC MTA,,,8649,,,,,,,,,,,,,
Seanny,NYC MTA,,,8766,,,,,,,,,,,,,
Seanny,NYC MTA,,,8822,,,,,,,,,,,,,
Seanny,NYC MTA,,,8828,,,,,,,,,,,,,
Seanny,NYC MTA,,,8952,,,,,,,,,,,,,
Seanny,NYC MTA,,,8983,,,,,,,,,,,,,
Seanny,NYC MTA,,,9109,,,,,,,,,,,,,
Seanny,NYC MTA,,,9219,,,,,,,,,,,,,
Seanny,NYC MTA,,,9287,,,,,,,,,,,,,
Seanny,NYC MTA,,,9383,,,,,,,,,,,,,
Seanny,NYC MTA,,,9462,,,,,,,,,,,,,
Seanny,NYC MTA,,,9692,,,,,,,,,,,,,
Seanny,NYC MTA,,,9799,,,,,,,,,,,,,
Seanny,Portland MAX,,,104,,,,,,,,,,,,,
Seanny,Portland MAX,,,321,,,,,,,,,,,,,
Seanny,Portland MAX,,,308,,,,,,,,,,,,,
Seanny,Portland MAX,,,536,,,,,,,,,,,,,
Seanny,AC Transit,,,1354,,,,,,,,,,,,,
Seanny,AC Transit,,,1504,,,,,,,,,,,,,
Seanny,AC Transit,,,1505,,,,,,,,,,,,,
Seanny,AC Transit,,,1521,,,,,,,,,,,,,
Seanny,AC Transit,,,1553,,,,,,,,,,,,,
Seanny,AC Transit,,,1566,,,,,,,,,,,,,
Seanny,AC Transit,,,1580,,,,,,,,,,,,,
Seanny,AC Transit,,,1590,,,,,,,,,,,,,
Seanny,AC Transit,,,1677,,,,,,,,,,,,,
Seanny,AC Transit,,,7033,,,,,,,,,,,,,
Seanny,AC Transit,,,1590,,,,,,,,,,,,,
Seanny,BART,,,4088,,,,,,,,,Fancy Bike Rack,,,,
Seanny,BART,,,314,,,,,,,,,,,,,
Seanny,BART,,,334,,,,,,,,,,,,,
Seanny,BART,,,334,,,,,,,,,,,,,
Seanny,BART,,,337,,,,,,,,,,,,,
Seanny,BART,,,369,,,,,,,,,,,,,
Seanny,BART,,,391,,,,,,,,,,,,,
Seanny,BART,,,393,,,,,,,,,,,,,
Seanny,BART,,,424,,,,,,,,,,,,,
Seanny,BART,,,437,,,,,,,,,,,,,
Seanny,BART,,,437,,,,,,,,,,,,,
Seanny,BART,,,1164,,,,,,,,,,,,,
Seanny,BART,,,1210,,,,,,,,,,,,,
Seanny,BART,,,1220,,,,,,,,,,,,,
Seanny,BART,,,1228,,,,,,,,,,,,,
Seanny,BART,,,1235,,,,,,,,,,,,,
Seanny,BART,,,1238,,,,,,,,,,,,,
Seanny,BART,,,1239,,,,,,,,,,,,,
Seanny,BART,,,1248,,,,,,,,,,,,,
Seanny,BART,,,1249,,,,,,,,,,,,,
Seanny,BART,,,1251,,,,,,,,,,,,,
Seanny,BART,,,1265,,,,,,,,,,,,,
Seanny,BART,,,1269,,,,,,,,,,,,,
Seanny,BART,,,1501,,,,,,,,,,,,,
Seanny,BART,,,1506,,,,,,,,,,,,,
Seanny,BART,,,1506,,,,,,,,,,,,,
Seanny,BART,,,1508,,,,,,,,,,,,,
Seanny,BART,,,1508,,,,,,,,,,,,,
Seanny,BART,,,1509,,,,,,,,,,,,,
Seanny,BART,,,1509,,,,,,,,,,,,,
Seanny,BART,,,1510,,,,,,,,,,,,,
Seanny,BART,,,1521,,,,,,,,,,,,,
Seanny,BART,,,1524,,,,,,,,,,,,,
Seanny,BART,,,1525,,,,,,,,,,,,,
Seanny,BART,,,1528,,,,,,,,,,,,,
Seanny,BART,,,1531,,,,,,,,,,,,,
Seanny,BART,,,1531,,,,,,,,,,,,,
Seanny,BART,,,1534,,,,,,,,,,,,,
Seanny,BART,,,1536,,,,,,,,,,,,,
Seanny,BART,,,1546,,,,,,,,,,,,,
Seanny,BART,,,1546,,,,,,,,,,,,,
Seanny,BART,,,1546,,,,,,,,,,,,,
Seanny,BART,,,1546,,,,,,,,,,,,,
Seanny,BART,,,1548,,,,,,,,,,,,,
Seanny,BART,,,1553,,,,,,,,,,,,,
Seanny,BART,,,1556,,,,,,,,,,,,,
Seanny,BART,,,1560,,,,,,,,,,,,,
Seanny,BART,,,1561,,,,,,,,,,,,,
Seanny,BART,,,1563,,,,,,,,,,,,,
Seanny,BART,,,1563,,,,,,,,,,,,,
Seanny,BART,,,1565,,,,,,,,,,,,,
Seanny,BART,,,1566,,,,,,,,,,,,,
Seanny,BART,,,1566,,,,,,,,,,,,,
Seanny,BART,,,1568,,,,,,,,,,,,,
Seanny,BART,,,1569,,,,,,,,,,,,,
Seanny,BART,,,1570,,,,,,,,,,,,,
Seanny,BART,,,1572,,,,,,,,,,,,,
Seanny,BART,,,1576,,,,,,,,,,,,,
Seanny,BART,,,1576,,,,,,,,,,,,,
Seanny,BART,,,1576,,,,,,,,,,,,,
Seanny,BART,,,1583,,,,,,,,,,,,,
Seanny,BART,,,1583,,,,,,,,,,,,,
Seanny,BART,,,1587,,,,,,,,,,,,,
Seanny,BART,,,1590,,,,,,,,,,,,,
Seanny,BART,,,1591,,,,,,,,,,,,,
Seanny,BART,,,1594,,,,,,,,,,,,,
Seanny,BART,,,1594,,,,,,,,,,,,,
Seanny,BART,,,1594,,,,,,,,,,,,,
Seanny,BART,,,1601,,,,,,,,,,,,,
Seanny,BART,,,1606,,,,,,,,,,,,,
Seanny,BART,,,1607,,,,,,,,,,,,,
Seanny,BART,,,1614,,,,,,,,,,,,,
Seanny,BART,,,1614,,,,,,,,,,,,,
Seanny,BART,,,1614,,,,,,,,,,,,,
Seanny,BART,,,1614,,,,,,,,,,,,,
Seanny,BART,,,1616,,,,,,,,,,,,,
Seanny,BART,,,1618,,,,,,,,,,,,,
Seanny,BART,,,1618,,,,,,,,,,,,,
Seanny,BART,,,1618,,,,,,,,,,,,,
Seanny,BART,,,1618,,,,,,,,,,,,,
Seanny,BART,,,1618,,,,,,,,,,,,,
Seanny,BART,,,1619,,,,,,,,,,,,,
Seanny,BART,,,1619,,,,,,,,,,,,,
Seanny,BART,,,1620,,,,,,,,,,,,,
Seanny,BART,,,1623,,,,,,,,,,,,,
Seanny,BART,,,1628,,,,,,,,,,,,,
Seanny,BART,,,1628,,,,,,,,,,,,,
Seanny,BART,,,1630,,,,,,,,,,,,,
Seanny,BART,,,1633,,,,,,,,,,,,,
Seanny,BART,,,1634,,,,,,,,,,,,,
Seanny,BART,,,1639,,,,,,,,,,,,,
Seanny,BART,,,1643,,,,,,,,,,,,,
Seanny,BART,,,1643,,,,,,,,,,,,,
Seanny,BART,,,1645,,,,,,,,,,,,,
Seanny,BART,,,1645,,,,,,,,,,,,,
Seanny,BART,,,1653,,,,,,,,,,,,,
Seanny,BART,,,1653,,,,,,,,,,,,,
Seanny,BART,,,1656,,,,,,,,,,,,,
Seanny,BART,,,1656,,,,,,,,,,,,,
Seanny,BART,,,1657,,,,,,,,,,,,,
Seanny,BART,,,1657,,,,,,,,,,,,,
Seanny,BART,,,1658,,,,,,,,,,,,,
Seanny,BART,,,1661,,,,,,,,,,,,,
Seanny,BART,,,1662,,,,,,,,,,,,,
Seanny,BART,,,1662,,,,,,,,,,,,,
Seanny,BART,,,1662,,,,,,,,,,,,,
Seanny,BART,,,1663,,,,,,,,,,,,,
Seanny,BART,,,1663,,,,,,,,,,,,,
Seanny,BART,,,1663,,,,,,,,,,,,,
Seanny,BART,,,1665,,,,,,,,,,,,,
Seanny,BART,,,1666,,,,,,,,,,,,,
Seanny,BART,,,1666,,,,,,,,,,,,,
Seanny,BART,,,1666,,,,,,,,,,,,,
Seanny,BART,,,1669,,,,,,,,,,,,,
Seanny,BART,,,1670,,,,,,,,,,,,,
Seanny,BART,,,1671,,,,,,,,,,,,,
Seanny,BART,,,1671,,,,,,,,,,,,,
Seanny,BART,,,1675,,,,,,,,,,,,,
Seanny,BART,,,1688,,,,,,,,,,,,,
Seanny,BART,,,1689,,,,,,,,,,,,,
Seanny,BART,,,1694,,,,,,,,,,,,,
Seanny,BART,,,1694,,,,,,,,,,,,,
Seanny,BART,,,1695,,,,,,,,,,,,,
Seanny,BART,,,1695,,,,,,,,,,,,,
Seanny,BART,,,1696,,,,,,,,,,,,,
Seanny,BART,,,1698,,,,,,,,,,,,,
Seanny,BART,,,1702,,,,,,,,,,,,,
Seanny,BART,,,1702,,,,,,,,,,,,,
Seanny,BART,,,1702,,,,,,,,,,,,,
Seanny,BART,,,1702,,,,,,,,,,,,,
Seanny,BART,,,1702,,,,,,,,,,,,,
Seanny,BART,,,1702,,,,,,,,,,,,,
Seanny,BART,,,1703,,,,,,,,,,,,,
Seanny,BART,,,1705,,,,,,,,,,,,,
Seanny,BART,,,1707,,,,,,,,,,,,,
Seanny,BART,,,1707,,,,,,,,,,,,,
Seanny,BART,,,1707,,,,,,,,,,,,,
Seanny,BART,,,1709,,,,,,,,,,,,,
Seanny,BART,,,1710,,,,,,,,,,,,,
Seanny,BART,,,1711,,,,,,,,,,,,,
Seanny,BART,,,1712,,,,,,,,,,,,,
Seanny,BART,,,1715,,,,,,,,,,,,,
Seanny,BART,,,1715,,,,,,,,,,,,,
Seanny,BART,,,1717,,,,,,,,,,,,,
Seanny,BART,,,1717,,,,,,,,,,,,,
Seanny,BART,,,1721,,,,,,,,,,,,,
Seanny,BART,,,1725,,,,,,,,,,,,,
Seanny,BART,,,1725,,,,,,,,,,,,,
Seanny,BART,,,1731,,,,,,,,,,,,,
Seanny,BART,,,1731,,,,,,,,,,,,,
Seanny,BART,,,1734,,,,,,,,,,,,,
Seanny,BART,,,1735,,,,,,,,,,,,,
Seanny,BART,,,1736,,,,,,,,,,,,,
Seanny,BART,,,1738,,,,,,,,,,,,,
Seanny,BART,,,1738,,,,,,,,,,,,,
Seanny,BART,,,1742,,,,,,,,,,,,,
Seanny,BART,,,1754,,,,,,,,,,,,,
Seanny,BART,,,1765,,,,,,,,,,,,,
Seanny,BART,,,1765,,,,,,,,,,,,,
Seanny,BART,,,1767,,,,,,,,,,,,,
Seanny,BART,,,1767,,,,,,,,,,,,,
Seanny,BART,,,1769,,,,,,,,,,,,,
Seanny,BART,,,1772,,,,,,,,,,,,,
Seanny,BART,,,1772,,,,,,,,,,,,,
Seanny,BART,,,1773,,,,,,,,,,,,,
Seanny,BART,,,1803,,,,,,,,,,,,,
Seanny,BART,,,1803,,,,,,,,,,,,,
Seanny,BART,,,1804,,,,,,,,,,,,,
Seanny,BART,,,1806,,,,,,,,,,,,,
Seanny,BART,,,1806,,,,,,,,,,,,,
Seanny,BART,,,1809,,,,,,,,,,,,,
Seanny,BART,,,1811,,,,,,,,,,,,,
Seanny,BART,,,1813,,,,,,,,,,,,,
Seanny,BART,,,1815,,,,,,,,,,,,,
Seanny,BART,,,1816,,,,,,,,,,,,,
Seanny,BART,,,1818,,,,,,,,,,,,,
Seanny,BART,,,1818,,,,,,,,,,,,,
Seanny,BART,,,1819,,,,,,,,,,,,,
Seanny,BART,,,1822,,,,,,,,,,,,,
Seanny,BART,,,1824,,,,,,,,,,,,,
Seanny,BART,,,1826,,,,,,,,,,,,,
Seanny,BART,,,1826,,,,,,,,,,,,,
Seanny,BART,,,1827,,,,,,,,,,,,,
Seanny,BART,,,1828,,,,,,,,,,,,,
Seanny,BART,,,1829,,,,,,,,,,,,,
Seanny,BART,,,1832,,,,,,,,,,,,,
Seanny,BART,,,1833,,,,,,,,,,,,,
Seanny,BART,,,1838,,,,,,,,,,,,,
Seanny,BART,,,1840,,,,,,,,,,,,,
Seanny,BART,,,1845,,,,,,,,,,,,,
Seanny,BART,,,1845,,,,,,,,,,,,,
Seanny,BART,,,1849,,,,,,,,,,,,,
Seanny,BART,,,1850,,,,,,,,,,,,,
Seanny,BART,,,1853,,,,,,,,,,,,,
Seanny,BART,,,1855,,,,,,,,,,,,,
Seanny,BART,,,1855,,,,,,,,,,,,,
Seanny,BART,,,1855,,,,,,,,,,,,,
Seanny,BART,,,1856,,,,,,,,,,,,,
Seanny,BART,,,1856,,,,,,,,,,,,,
Seanny,BART,,,1857,,,,,,,,,,,,,
Seanny,BART,,,1859,,,,,,,,,,,,,
Seanny,BART,,,1859,,,,,,,,,,,,,
Seanny,BART,,,1865,,,,,,,,,,,,,
Seanny,BART,,,1866,,,,,,,,,,,,,
Seanny,BART,,,1868,,,,,,,,,,,,,
Seanny,BART,,,1868,,,,,,,,,,,,,
Seanny,BART,,,1874,,,,,,,,,,,,,
Seanny,BART,,,1878,,,,,,,,,,,,,
Seanny,BART,,,1879,,,,,,,,,,,,,
Seanny,BART,,,1880,,,,,,,,,,,,,
Seanny,BART,,,1880,,,,,,,,,,,,,
Seanny,BART,,,1882,,,,,,,,,,,,,
Seanny,BART,,,1883,,,,,,,,,,,,,
Seanny,BART,,,1885,,,,,,,,,,,,,
Seanny,BART,,,1887,,,,,,,,,,,,,
Seanny,BART,,,1889,,,,,,,,,,,,,
Seanny,BART,,,1890,,,,,,,,,,,,,
Seanny,BART,,,1890,,,,,,,,,,,,,
Seanny,BART,,,1894,,,,,,,,,,,,,
Seanny,BART,,,1895,,,,,,,,,,,,,
Seanny,BART,,,1900,,,,,,,,,,,,,
Seanny,BART,,,1900,,,,,,,,,,,,,
Seanny,BART,,,1903,,,,,,,,,,,,,
Seanny,BART,,,1903,,,,,,,,,,,,,
Seanny,BART,,,1911,,,,,,,,,,,,,
Seanny,BART,,,1908,,,,,,,,,,,,,
Seanny,BART,,,3002,,,,,,,,,,,,,
Seanny,BART,,,3002,,,,,,,,,,,,,
Seanny,BART,,,3002,,,,,,,,,,,,,
Seanny,BART,,,3006,,,,,,,,,,,,,
Seanny,BART,,,3014,,,,,,,,,,,,,
Seanny,BART,,,3016,,,,,,,,,,,,,
Seanny,BART,,,3029,,,,,,,,,,,,,
Seanny,BART,,,3032,,,,,,,,,,,,,
Seanny,BART,,,3032,,,,,,,,,,,,,
Seanny,BART,,,3032,,,,,,,,,,,,,
Seanny,BART,,,3032,,,,,,,,,,,,,
Seanny,BART,,,3034,,,,,,,,,,,,,
Seanny,BART,,,3043,,,,,,,,,,,,,
Seanny,BART,,,3046,,,,,,,,,,,,,
Seanny,BART,,,3046,,,,,,,,,,,,,
Seanny,BART,,,3050,,,,,,,,,,,,,
Seanny,BART,,,3060,,,,,,,,,,,,,
Seanny,BART,,,3070,,,,,,,,,,,,,
Seanny,BART,,,3073,,,,,,,,,,,,,
Seanny,BART,,,3074,,,,,,,,,,,,,
Seanny,BART,,,3074,,,,,,,,,,,,,
Seanny,BART,,,3075,,,,,,,,,,,,,
Seanny,BART,,,3085,,,,,,,,,,,,,
Seanny,BART,,,3086,,,,,,,,,,,,,
Seanny,BART,,,3088,,,,,,,,,,,,,
Seanny,BART,,,3089,,,,,,,,,,,,,
Seanny,BART,,,3091,,,,,,,,,,,,,
Seanny,BART,,,3092,,,,,,,,,,,,,
Seanny,BART,,,3094,,,,,,,,,,,,,
Seanny,BART,,,3098,,,,,,,,,,,,,
Seanny,BART,,,3102,,,,,,,,,,,,,
Seanny,BART,,,3103,,,,,,,,,,,,,
Seanny,BART,,,3105,,,,,,,,,,,,,
Seanny,BART,,,3107,,,,,,,,,,,,,
Seanny,BART,,,3107,,,,,,,,,,,,,
Seanny,BART,,,3108,,,,,,,,,,,,,
Seanny,BART,,,3114,,,,,,,,,,,,,
Seanny,BART,,,3116,,,,,,,,,,,,,
Seanny,BART,,,3116,,,,,,,,,,,,,
Seanny,BART,,,3119,,,,,,,,,,,,,
Seanny,BART,,,3120,,,,,,,,,,,,,
Seanny,BART,,,3121,,,,,,,,,,,,,
Seanny,BART,,,3121,,,,,,,,,,,,,
Seanny,BART,,,3123,,,,,,,,,,,,,
Seanny,BART,,,3125,,,,,,,,,,,,,
Seanny,BART,,,3125,,,,,,,,,,,,,
Seanny,BART,,,3130,,,,,,,,,,,,,
Seanny,BART,,,3132,,,,,,,,,,,,,
Seanny,BART,,,3134,,,,,,,,,,,,,
Seanny,BART,,,3141,,,,,,,,,,,,,
Seanny,BART,,,3143,,,,,,,,,,,,,
Seanny,BART,,,3147,,,,,,,,,,,,,
Seanny,BART,,,3147,,,,,,,,,,,,,
Seanny,BART,,,3150,,,,,,,,,,,,,
Seanny,BART,,,3153,,,,,,,,,,,,,
Seanny,BART,,,3157,,,,,,,,,,,,,
Seanny,BART,,,3160,,,,,,,,,,,,,
Seanny,BART,,,3160,,,,,,,,,,,,,
Seanny,BART,,,3162,,,,,,,,,,,,,
Seanny,BART,,,3162,,,,,,,,,,,,,
Seanny,BART,,,3167,,,,,,,,,,,,,
Seanny,BART,,,3169,,,,,,,,,,,,,
Seanny,BART,,,3184,,,,,,,,,,,,,
Seanny,BART,,,3188,,,,,,,,,,,,,
Seanny,BART,,,3196,,,,,,,,,,,,,
Seanny,BART,,,3206,,,,,,,,,,,,,
Seanny,BART,,,3215,,,,,,,,,,,,,
Seanny,BART,,,3232,,,,,,,,,,,,,
Seanny,BART,,,3232,,,,,,,,,,,,,
Seanny,BART,,,4001,,,,,,,,,,,,,
Seanny,BART,,,4001,,,,,,,,,,,,,
Seanny,BART,,,4001,,,,,,,,,,,,,
Seanny,BART,,,4006,,,,,,,,,,,,,
Seanny,BART,,,4006,,,,,,,,,,,,,
Seanny,BART,,,4008,,,,,,,,,,,,,
Seanny,BART,,,4008,,,,,,,,,,,,,
Seanny,BART,,,4009,,,,,,,,,,,,,
Seanny,BART,,,4009,,,,,,,,,,,,,
Seanny,BART,,,4009,,,,,,,,,,,,,
Seanny,BART,,,4010,,,,,,,,,,,,,
Seanny,BART,,,4011,,,,,,,,,,,,,
Seanny,BART,,,4011,,,,,,,,,,,,,
Seanny,BART,,,4011,,,,,,,,,,,,,
Seanny,BART,,,4013,,,,,,,,,,,,,
Seanny,BART,,,4017,,,,,,,,,,,,,
Seanny,BART,,,4017,,,,,,,,,,,,,
Seanny,BART,,,4017,,,,,,,,,,,,,
Seanny,BART,,,4022,,,,,,,,,,,,,
Seanny,BART,,,4025,,,,,,,,,,,,,
Seanny,BART,,,4027,,,,,,,,,,,,,
Seanny,BART,,,4027,,,,,,,,,,,,,
Seanny,BART,,,4027,,,,,,,,,,,,,
Seanny,BART,,,4027,,,,,,,,,,,,,
Seanny,BART,,,4028,,,,,,,,,,,,,
Seanny,BART,,,4029,,,,,,,,,,,,,
Seanny,BART,,,4029,,,,,,,,,,,,,
Seanny,BART,,,4030,,,,,,,,,,,,,
Seanny,BART,,,4033,,,,,,,,,,,,,
Seanny,BART,,,4035,,,,,,,,,,,,,
Seanny,BART,,,4036,,,,,,,,,,,,,
Seanny,BART,,,4036,,,,,,,,,,,,,
Seanny,BART,,,4038,,,,,,,,,,,,,
Seanny,BART,,,4038,,,,,,,,,,,,,
Seanny,BART,,,4040,,,,,,,,,,,,,
Seanny,BART,,,4041,,,,,,,,,,,,,
Seanny,BART,,,4041,,,,,,,,,,,,,
Seanny,BART,,,4042,,,,,,,,,,,,,
Seanny,BART,,,4044,,,,,,,,,,,,,
Seanny,BART,,,4044,,,,,,,,,,,,,
Seanny,BART,,,4050,,,,,,,,,,,,,
Seanny,BART,,,4052,,,,,,,,,,,,,
Seanny,BART,,,4052,,,,,,,,,,,,,
Seanny,BART,,,4053,,,,,,,,,,,,,
Seanny,BART,,,4054,,,,,,,,,,,,,
Seanny,BART,,,4056,,,,,,,,,,,,,
Seanny,BART,,,4058,,,,,,,,,,,,,
Seanny,BART,,,4058,,,,,,,,,,,,,
Seanny,BART,,,4060,,,,,,,,,,,,,
Seanny,BART,,,4061,,,,,,,,,,,,,
Seanny,BART,,,4061,,,,,,,,,,,,,
Seanny,BART,,,4062,,,,,,,,,,,,,
Seanny,BART,,,4064,,,,,,,,,,,,,
Seanny,BART,,,4064,,,,,,,,,,,,,
Seanny,BART,,,4064,,,,,,,,,,,,,
Seanny,BART,,,4065,,,,,,,,,,,,,
Seanny,BART,,,4065,,,,,,,,,,,,,
Seanny,BART,,,4065,,,,,,,,,,,,,
Seanny,BART,,,4065,,,,,,,,,,,,,
Seanny,BART,,,4068,,,,,,,,,,,,,
Seanny,BART,,,4070,,,,,,,,,,,,,
Seanny,BART,,,4070,,,,,,,,,,,,,
Seanny,BART,,,4071,,,,,,,,,,,,,
Seanny,BART,,,4071,,,,,,,,,,,,,
Seanny,BART,,,4072,,,,,,,,,,,,,
Seanny,BART,,,4072,,,,,,,,,,,,,
Seanny,BART,,,4073,,,,,,,,,,,,,
Seanny,BART,,,4073,,,,,,,,,,,,,
Seanny,BART,,,4074,,,,,,,,,,,,,
Seanny,BART,,,4076,,,,,,,,,,,,,
Seanny,BART,,,4076,,,,,,,,,,,,,
Seanny,BART,,,4078,,,,,,,,,,,,,
Seanny,BART,,,4079,,,,,,,,,,,,,
Seanny,BART,,,4080,,,,,,,,,,,,,
Seanny,BART,,,4081,,,,,,,,,,,,,
Seanny,BART,,,4086,,,,,,,,,,,,,
Seanny,BART,,,4086,,,,,,,,,,,,,
Seanny,BART,,,4088,,,,,,,,,,,,,
Seanny,BART,,,4093,,,,,,,,,,,,,
Seanny,BART,,,4094,,,,,,,,,,,,,
Seanny,BART,,,4094,,,,,,,,,,,,,
Seanny,BART,,,4096,,,,,,,,,,,,,
Seanny,BART,,,4096,,,,,,,,,,,,,
Seanny,BART,,,4096,,,,,,,,,,,,,
Seanny,BART,,,4096,,,,,,,,,,,,,
Seanny,BART,,,4099,,,,,,,,,,,,,
Seanny,BART,,,4099,,,,,,,,,,,,,
Seanny,BART,,,4104,,,,,,,,,,,,,
Seanny,BART,,,4105,,,,,,,,,,,,,
Seanny,BART,,,4106,,,,,,,,,,,,,
Seanny,BART,,,4106,,,,,,,,,,,,,
Seanny,BART,,,4107,,,,,,,,,,,,,
Seanny,BART,,,4109,,,,,,,,,,,,,
Seanny,BART,,,4109,,,,,,,,,,,,,
Seanny,BART,,,4111,,,,,,,,,,,,,
Seanny,BART,,,4111,,,,,,,,,,,,,
Seanny,BART,,,4111,,,,,,,,,,,,,
Seanny,BART,,,4112,,,,,,,,,,,,,
Seanny,BART,,,4113,,,,,,,,,,,,,
Seanny,BART,,,4115,,,,,,,,,,,,,
Seanny,BART,,,4118,,,,,,,,,,,,,
Seanny,BART,,,4119,,,,,,,,,,,,,
Seanny,BART,,,4119,,,,,,,,,,,,,
Seanny,BART,,,4120,,,,,,,,,,,,,
Seanny,BART,,,4122,,,,,,,,,,,,,
Seanny,BART,,,4125,,,,,,,,,,,,,
Seanny,BART,,,4126,,,,,,,,,,,,,
Seanny,BART,,,4126,,,,,,,,,,,,,
Seanny,BART,,,4126,,,,,,,,,,,,,
Seanny,BART,,,4126,,,,,,,,,,,,,
Seanny,BART,,,4132,,,,,,,,,,,,,
Seanny,BART,,,4132,,,,,,,,,,,,,
Seanny,BART,,,4132,,,,,,,,,,,,,
Seanny,BART,,,4133,,,,,,,,,,,,,
Seanny,BART,,,4133,,,,,,,,,,,,,
Seanny,BART,,,4133,,,,,,,,,,,,,
Seanny,BART,,,4133,,,,,,,,,,,,,
Seanny,BART,,,4133,,,,,,,,,,,,,
Seanny,BART,,,4134,,,,,,,,,,,,,
Seanny,BART,,,4135,,,,,,,,,,,,,
Seanny,BART,,,4135,,,,,,,,,,,,,
Seanny,BART,,,4135,,,,,,,,,,,,,
Seanny,BART,,,4135,,,,,,,,,,,,,
Seanny,BART,,,4137,,,,,,,,,,,,,
Seanny,BART,,,4137,,,,,,,,,,,,,
Seanny,BART,,,4137,,,,,,,,,,,,,
Seanny,BART,,,4137,,,,,,,,,,,,,
Seanny,BART,,,4137,,,,,,,,,,,,,
Seanny,BART,,,4140,,,,,,,,,,,,,
Seanny,BART,,,4141,,,,,,,,,,,,,
Seanny,BART,,,4141,,,,,,,,,,,,,
Seanny,BART,,,4142,,,,,,,,,,,,,
Seanny,BART,,,4143,,,,,,,,,,,,,
Seanny,BART,,,4144,,,,,,,,,,,,,
Seanny,BART,,,4145,,,,,,,,,,,,,
Seanny,BART,,,4147,,,,,,,,,,,,,
Seanny,BART,,,4147,,,,,,,,,,,,,
Seanny,BART,,,4147,,,,,,,,,,,,,
Seanny,BART,,,4152,,,,,,,,,,,,,
Seanny,BART,,,4152,,,,,,,,,,,,,
Seanny,BART,,,4148,,,,,,,,,,,,,
Seanny,BART,,,4148,,,,,,,,,,,,,
Seanny,BART,,,4156,,,,,,,,,,,,,
Seanny,BART,,,4160,,,,,,,,,,,,,
Seanny,BART,,,4160,,,,,,,,,,,,,
Seanny,BART,,,4161,,,,,,,,,,,,,
Seanny,BART,,,4161,,,,,,,,,,,,,
Seanny,BART,,,4161,,,,,,,,,,,,,
Seanny,BART,,,4162,,,,,,,,,,,,,
Seanny,BART,,,4164,,,,,,,,,,,,,
Seanny,BART,,,4165,,,,,,,,,,,,,
Seanny,BART,,,4166,,,,,,,,,,,,,
Seanny,BART,,,4170,,,,,,,,,,,,,
Seanny,BART,,,4172,,,,,,,,,,,,,
Seanny,BART,,,4173,,,,,,,,,,,,,
Seanny,BART,,,4174,,,,,,,,,,,,,
Seanny,BART,,,4174,,,,,,,,,,,,,
Seanny,BART,,,4175,,,,,,,,,,,,,
Seanny,BART,,,4177,,,,,,,,,,,,,
Seanny,BART,,,4177,,,,,,,,,,,,,
Seanny,BART,,,4180,,,,,,,,,,,,,
Seanny,BART,,,4180,,,,,,,,,,,,,
Seanny,BART,,,4180,,,,,,,,,,,,,
Seanny,BART,,,4182,,,,,,,,,,,,,
Seanny,BART,,,4182,,,,,,,,,,,,,
Seanny,BART,,,4182,,,,,,,,,,,,,
Seanny,BART,,,4184,,,,,,,,,,,,,
Seanny,BART,,,4184,,,,,,,,,,,,,
Seanny,BART,,,4186,,,,,,,,,,,,,
Seanny,BART,,,4188,,,,,,,,,,,,,
Seanny,BART,,,4188,,,,,,,,,,,,,
Seanny,BART,,,4189,,,,,,,,,,,,,
Seanny,BART,,,4190,,,,,,,,,,,,,
Seanny,BART,,,4192,,,,,,,,,,,,,
Seanny,BART,,,4193,,,,,,,,,,,,,
Seanny,BART,,,4195,,,,,,,,,,,,,
Seanny,BART,,,4197,,,,,,,,,,,,,
Seanny,BART,,,4201,,,,,,,,,,,,,
Seanny,BART,,,4204,,,,,,,,,,,,,
Seanny,BART,,,4204,,,,,,,,,,,,,
Seanny,BART,,,4207,,,,,,,,,,,,,
Seanny,BART,,,4208,,,,,,,,,,,,,
Seanny,BART,,,4208,,,,,,,,,,,,,
Seanny,BART,,,4212,,,,,,,,,,,,,
Seanny,BART,,,4212,,,,,,,,,,,,,
Seanny,BART,,,4212,,,,,,,,,,,,,
Seanny,BART,,,4217,,,,,,,,,,,,,
Seanny,BART,,,4218,,,,,,,,,,,,,
Seanny,BART,,,4218,,,,,,,,,,,,,
Seanny,BART,,,4221,,,,,,,,,,,,,
Seanny,BART,,,4221,,,,,,,,,,,,,
Seanny,BART,,,4221,,,,,,,,,,,,,
Seanny,BART,,,4221,,,,,,,,,,,,,
Seanny,BART,,,4224,,,,,,,,,,,,,
Seanny,BART,,,4224,,,,,,,,,,,,,
Seanny,BART,,,4224,,,,,,,,,,,,,
Seanny,BART,,,4225,,,,,,,,,,,,,
Seanny,BART,,,4226,,,,,,,,,,,,,
Seanny,BART,,,4226,,,,,,,,,,,,,
Seanny,BART,,,4226,,,,,,,,,,,,,
Seanny,BART,,,4228,,,,,,,,,,,,,
Seanny,BART,,,4230,,,,,,,,,,,,,
Seanny,BART,,,4230,,,,,,,,,,,,,
Seanny,BART,,,4232,,,,,,,,,,,,,
Seanny,BART,,,4233,,,,,,,,,,,,,
Seanny,BART,,,4242,,,,,,,,,,,,,
Seanny,BART,,,4243,,,,,,,,,,,,,
Seanny,BART,,,4245,,,,,,,,,,,,,
Seanny,BART,,,4247,,,,,,,,,,,,,
Seanny,BART,,,4248,,,,,,,,,,,,,
Seanny,BART,,,4249,,,,,,,,,,,,,
Seanny,BART,,,4249,,,,,,,,,,,,,
Seanny,BART,,,4251,,,,,,,,,,,,,
Seanny,BART,,,4253,,,,,,,,,,,,,
Seanny,BART,,,4255,,,,,,,,,,,,,
Seanny,BART,,,4255,,,,,,,,,,,,,
Seanny,BART,,,4255,,,,,,,,,,,,,
Seanny,BART,,,4255,,,,,,,,,,,,,
Seanny,BART,,,4255,,,,,,,,,,,,,
Seanny,BART,,,4255,,,,,,,,,,,,,
Seanny,BART,,,4255,,,,,,,,,,,,,
Seanny,BART,,,4257,,,,,,,,,,,,,
Seanny,BART,,,4257,,,,,,,,,,,,,
Seanny,BART,,,4261,,,,,,,,,,,,,
Seanny,BART,,,4267,,,,,,,,,,,,,
Seanny,BART,,,4267,,,,,,,,,,,,,
Seanny,BART,,,4268,,,,,,,,,,,,,
Seanny,BART,,,4281,,,,,,,,,,,,,
Seanny,BART,,,4284,,,,,,,,,,,,,
Seanny,BART,,,4286,,,,,,,,,,,,,
Seanny,BART,,,4286,,,,,,,,,,,,,
Seanny,BART,,,4287,,,,,,,,,,,,,
Seanny,BART,,,4287,,,,,,,,,,,,,
Seanny,BART,,,4288,,,,,,,,,,,,,
Seanny,BART,,,4295,,,,,,,,,,,,,
Seanny,BART,,,4298,,,,,,,,,,,,,
Seanny,BART,,,4303,,,,,,,,,,,,,
Seanny,BART,,,4313,,,,,,,,,,,,,
Seanny,BART,,,4315,,,,,,,,,,,,,
Seanny,BART,,,4319,,,,,,,,,,,,,
Seanny,BART,,,4330,,,,,,,,,,,,,
Seanny,BART,,,4361,,,,,,,,,,,,,
Seanny,BART,,,4366,,,,,,,,,,,,,
Seanny,MUNI,,,496,,,,,,,,,,,,,
Seanny,MUNI,,,1006,,,,,,,,,,,,,
Seanny,MUNI,,,1009,,,,,,,,,,,,,
Seanny,MUNI,,,1015,,,,,,,,,,,,,
Seanny,MUNI,,,1015,,,,,,,,,,,,,
Seanny,MUNI,,,1050,,,,,,,,,,,,,
Seanny,MUNI,,,1050,,,,,,,,,,,,,
Seanny,MUNI,,,1050,,,,,,,,,,,,,
Seanny,MUNI,,,1050,,,,,,,,,,,,,
Seanny,MUNI,,,1052,,,,,,,,,,,,,
Seanny,MUNI,,,1052,,,,,,,,,,,,,
Seanny,MUNI,,,1055,,,,,,,,,,,,,
Seanny,MUNI,,,1057,,,,,,,,,,,,,
Seanny,MUNI,,,1058,,,,,,,,,,,,,
Seanny,MUNI,,,1059,,,,,,,,,,,,,
Seanny,MUNI,,,1059,,,,,,,,,,,,,
Seanny,MUNI,,,1059,,,,,,,,,,,,,
Seanny,MUNI,,,1059,,,,,,,,,,,,,
Seanny,MUNI,,,1059,,,,,,,,,,,,,
Seanny,MUNI,,,1059,,,,,,,,,,,,,
Seanny,MUNI,,,1061,,,,,,,,,,,,,
Seanny,MUNI,,,1070,,,,,,,,,,,,,
Seanny,MUNI,,,1072,,,,,,,,,,,,,
Seanny,MUNI,,,1074,,,,,,,,,,,,,
Seanny,MUNI,,,1074,,,,,,,,,,,,,
Seanny,MUNI,,,1076,,,,,,,,,,,,,
Seanny,MUNI,,,1410,,,,,,,,,,,,,
Seanny,MUNI,,,1413,,,,,,,,,,,,,
Seanny,MUNI,,,1424,,,,,,,,,,,,,
Seanny,MUNI,,,1431,,,,,,,,,,,,,
Seanny,MUNI,,,1433,,,,,,,,,,,,,
Seanny,MUNI,,,1436,,,,,,,,,,,,,
Seanny,MUNI,,,1436,,,,,,,,,,,,,
Seanny,MUNI,,,1441,,,,,,,,,,,,,
Seanny,MUNI,,,1444,,,,,,,,,,,,,
Seanny,MUNI,,,1449,,,,,,,,,,,,,
Seanny,MUNI,,,1449,,,,,,,,,,,,,
Seanny,MUNI,,,1451,,,,,,,,,,,,,
Seanny,MUNI,,,1453,,,,,,,,,,,,,
Seanny,MUNI,,,1456,,,,,,,,,,,,,
Seanny,MUNI,,,1458,,,,,,,,,,,,,
Seanny,MUNI,,,1458,,,,,,,,,,,,,
Seanny,MUNI,,,1459,,,,,,,,,,,,,
Seanny,MUNI,,,1460,,,,,,,,,,,,,
Seanny,MUNI,,,1460,,,,,,,,,,,,,
Seanny,MUNI,,,1462,,,,,,,,,,,,,
Seanny,MUNI,,,1463,,,,,,,,,,,,,
Seanny,MUNI,,,1463,,,,,,,,,,,,,
Seanny,MUNI,,,1464,,,,,,,,,,,,,
Seanny,MUNI,,,1465,,,,,,,,,,,,,
Seanny,MUNI,,,1467,,,,,,,,,,,,,
Seanny,MUNI,,,1468,,,,,,,,,,,,,
Seanny,MUNI,,,1470,,,,,,,,,,,,,
Seanny,MUNI,,,1471,,,,,,,,,,,,,
Seanny,MUNI,,,1472,,,,,,,,,,,,,
Seanny,MUNI,,,1472,,,,,,,,,,,,,
Seanny,MUNI,,,1475,,,,,,,,,,,,,
Seanny,MUNI,,,1477,,,,,,,,,,,,,
Seanny,MUNI,,,1478,,,,,,,,,,,,,
Seanny,MUNI,,,1478,,,,,,,,,,,,,
Seanny,MUNI,,,1479,,,,,,,,,,,,,
Seanny,MUNI,,,1480,,,,,,,,,,,,,
Seanny,MUNI,,,1482,,,,,,,,,,,,,
Seanny,MUNI,,,1484,,,,,,,,,,,,,
Seanny,MUNI,,,1485,,,,,,,,,,,,,
Seanny,MUNI,,,1485,,,,,,,,,,,,,
Seanny,MUNI,,,1486,,,,,,,,,,,,,
Seanny,MUNI,,,1487,,,,,,,,,,,,,
Seanny,MUNI,,,1491,,,,,,,,,,,,,
Seanny,MUNI,,,1493,,,,,,,,,,,,,
Seanny,MUNI,,,1493,,,,,,,,,,,,,
Seanny,MUNI,,,1495,,,,,,,,,,,,,
Seanny,MUNI,,,1495,,,,,,,,,,,,,
Seanny,MUNI,,,1497,,,,,,,,,,,,,
Seanny,MUNI,,,1497,,,,,,,,,,,,,
Seanny,MUNI,,,1498,,,,,,,,,,,,,
Seanny,MUNI,,,1502,,,,,,,,,,,,,
Seanny,MUNI,,,1502,,,,,,,,,,,,,
Seanny,MUNI,,,1504,,,,,,,,,,,,,
Seanny,MUNI,,,1504,,,,,,,,,,,,,
Seanny,MUNI,,,1504,,,,,,,,,,,,,
Seanny,MUNI,,,1505,,,,,,,,,,,,,
Seanny,MUNI,,,1506,,,,,,,,,,,,,
Seanny,MUNI,,,1507,,,,,,,,,,,,,
Seanny,MUNI,,,1509,,,,,,,,,,,,,
Seanny,MUNI,,,1510,,,,,,,,,,,,,
Seanny,MUNI,,,1511,,,,,,,,,,,,,
Seanny,MUNI,,,1512,,,,,,,,,,,,,
Seanny,MUNI,,,1512,,,,,,,,,,,,,
Seanny,MUNI,,,1513,,,,,,,,,,,,,
Seanny,MUNI,,,1514,,,,,,,,,,,,,
Seanny,MUNI,,,1515,,,,,,,,,,,,,
Seanny,MUNI,,,1516,,,,,,,,,,,,,
Seanny,MUNI,,,1518,,,,,,,,,,,,,
Seanny,MUNI,,,1521,,,,,,,,,,,,,
Seanny,MUNI,,,1522,,,,,,,,,,,,,
Seanny,MUNI,,,1524,,,,,,,,,,,,,
Seanny,MUNI,,,1525,,,,,,,,,,,,,
Seanny,MUNI,,,1527,,,,,,,,,,,,,
Seanny,MUNI,,,1529,,,,,,,,,,,,,
Seanny,MUNI,,,1530,,,,,,,,,,,,,
Seanny,MUNI,,,1530,,,,,,,,,,,,,
Seanny,MUNI,,,1530,,,,,,,,,,,,,
Seanny,MUNI,,,1530,,,,,,,,,,,,,
Seanny,MUNI,,,1532,,,,,,,,,,,,,
Seanny,MUNI,,,1533,,,,,,,,,,,,,
Seanny,MUNI,,,1534,,,,,,,,,,,,,
Seanny,MUNI,,,1534,,,,,,,,,,,,,
Seanny,MUNI,,,1534,,,,,,,,,,,,,
Seanny,MUNI,,,1536,,,,,,,,,,,,,
Seanny,MUNI,,,1536,,,,,,,,,,,,,
Seanny,MUNI,,,1540,,,,,,,,,,,,,
Seanny,MUNI,,,1540,,,,,,,,,,,,,
Seanny,MUNI,,,1540,,,,,,,,,,,,,
Seanny,MUNI,,,1542,,,,,,,,,,,,,
Seanny,MUNI,,,1544,,,,,,,,,,,,,
Seanny,MUNI,,,1544,,,,,,,,,,,,,
Seanny,MUNI,,,1544,,,,,,,,,,,,,
Seanny,MUNI,,,1545,,,,,,,,,,,,,
Seanny,MUNI,,,1545,,,,,,,,,,,,,
Seanny,MUNI,,,1548,,,,,,,,,,,,,
Seanny,MUNI,,,1548,,,,,,,,,,,,,
Seanny,MUNI,,,1548,,,,,,,,,,,,,
Seanny,MUNI,,,1550,,,,,,,,,,,,,
Seanny,MUNI,,,1550,,,,,,,,,,,,,
Seanny,MUNI,,,2002,,,,,,,,,,,,,
Seanny,MUNI,,,2003,,,,,,,,,,,,,
Seanny,MUNI,,,2004,,,,,,,,,,,,,
Seanny,MUNI,,,2004,,,,,,,,,,,,,
Seanny,MUNI,,,2004,,,,,,,,,,,,,
Seanny,MUNI,,,2004,,,,,,,,,,,,,
Seanny,MUNI,,,2005,,,,,,,,,,,,,
Seanny,MUNI,,,2006,,,,,,,,,,,,,
Seanny,MUNI,,,2006,,,,,,,,,,,,,
Seanny,MUNI,,,2007,,,,,,,,,,,,,
Seanny,MUNI,,,2007,,,,,,,,,,,,,
Seanny,MUNI,,,2008,,,,,,,,,,,,,
Seanny,MUNI,,,2008,,,,,,,,,,,,,
Seanny,MUNI,,,2010,,,,,,,,,,,,,
Seanny,MUNI,,,2010,,,,,,,,,,,,,
Seanny,MUNI,,,2010,,,,,,,,,,,,,
Seanny,MUNI,,,2011,,,,,,,,,,,,,
Seanny,MUNI,,,2011,,,,,,,,,,,,,
Seanny,MUNI,,,2012,,,,,,,,,,,,,
Seanny,MUNI,,,2012,,,,,,,,,,,,,
Seanny,MUNI,,,2012,,,,,,,,,,,,,
Seanny,MUNI,,,2012,,,,,,,,,,,,,
Seanny,MUNI,,,2013,,,,,,,,,,,,,
Seanny,MUNI,,,2013,,,,,,,,,,,,,
Seanny,MUNI,,,2013,,,,,,,,,,,,,
Seanny,MUNI,,,2013,,,,,,,,,,,,,
Seanny,MUNI,,,2014,,,,,,,,,,,,,
Seanny,MUNI,,,2015,,,,,,,,,,,,,
Seanny,MUNI,,,2016,,,,,,,,,,,,,
Seanny,MUNI,,,2019,,,,,,,,,,,,,
Seanny,MUNI,,,2020,,,,,,,,,,,,,
Seanny,MUNI,,,2020,,,,,,,,,,,,,
Seanny,MUNI,,,2022,,,,,,,,,,,,,
Seanny,MUNI,,,2022,,,,,,,,,,,,,
Seanny,MUNI,,,2022,,,,,,,,,,,,,
Seanny,MUNI,,,2022,,,,,,,,,,,,,
Seanny,MUNI,,,2022,,,,,,,,,,,,,
Seanny,MUNI,,,2023,,,,,,,,,,,,,
Seanny,MUNI,,,2023,,,,,,,,,,,,,
Seanny,MUNI,,,2023,,,,,,,,,,,,,
Seanny,MUNI,,,2023,,,,,,,,,,,,,
Seanny,MUNI,,,2024,,,,,,,,,,,,,
Seanny,MUNI,,,2026,,,,,,,,,,,,,
Seanny,MUNI,,,2027,,,,,,,,,,,,,
Seanny,MUNI,,,2028,,,,,,,,,,,,,
Seanny,MUNI,,,2028,,,,,,,,,,,,,
Seanny,MUNI,,,2030,,,,,,,,,,,,,
Seanny,MUNI,,,2030,,,,,,,,,,,,,
Seanny,MUNI,,,2031,,,,,,,,,,,,,
Seanny,MUNI,,,2031,,,,,,,,,,,,,
Seanny,MUNI,,,2031,,,,,,,,,,,,,
Seanny,MUNI,,,2032,,,,,,,,,,,,,
Seanny,MUNI,,,2033,,,,,,,,,,,,,
Seanny,MUNI,,,2033,,,,,,,,,,,,,
Seanny,MUNI,,,2035,,,,,,,,,,,,,
Seanny,MUNI,,,2035,,,,,,,,,,,,,
Seanny,MUNI,,,2035,,,,,,,,,,,,,
Seanny,MUNI,,,2036,,,,,,,,,,,,,
Seanny,MUNI,,,2037,,,,,,,,,,,,,
Seanny,MUNI,,,2039,,,,,,,,,,,,,
Seanny,MUNI,,,2040,,,,,,,,,,,,,
Seanny,MUNI,,,2040,,,,,,,,,,,,,
Seanny,MUNI,,,2040,,,,,,,,,,,,,
Seanny,MUNI,,,2041,,,,,,,,,,,,,
Seanny,MUNI,,,2041,,,,,,,,,,,,,
Seanny,MUNI,,,2041,,,,,,,,,,,,,
Seanny,MUNI,,,2042,,,,,,,,,,,,,
Seanny,MUNI,,,2044,,,,,,,,,,,,,
Seanny,MUNI,,,2044,,,,,,,,,,,,,
Seanny,MUNI,,,2045,,,,,,,,,,,,,
Seanny,MUNI,,,2046,,,,,,,,,,,,,
Seanny,MUNI,,,2046,,,,,,,,,,,,,
Seanny,MUNI,,,2047,,,,,,,,,,,,,
Seanny,MUNI,,,2048,,,,,,,,,,,,,
Seanny,MUNI,,,2048,,,,,,,,,,,,,
Seanny,MUNI,,,2049,,,,,,,,,,,,,
Seanny,MUNI,,,2049,,,,,,,,,,,,,
Seanny,MUNI,,,2050,,,,,,,,,,,,,
Seanny,MUNI,,,2050,,,,,,,,,,,,,
Seanny,MUNI,,,2051,,,,,,,,,,,,,
Seanny,MUNI,,,2052,,,,,,,,,,,,,
Seanny,MUNI,,,2053,,,,,,,,,,,,,
Seanny,MUNI,,,2053,,,,,,,,,,,,,
Seanny,MUNI,,,2054,,,,,,,,,,,,,
Seanny,MUNI,,,2054,,,,,,,,,,,,,
Seanny,MUNI,,,2055,,,,,,,,,,,,,
Seanny,MUNI,,,2055,,,,,,,,,,,,,
Seanny,MUNI,,,2056,,,,,,,,,,,,,
Seanny,MUNI,,,2056,,,,,,,,,,,,,
Seanny,MUNI,,,2056,,,,,,,,,,,,,
Seanny,MUNI,,,2057,,,,,,,,,,,,,
Seanny,MUNI,,,2057,,,,,,,,,,,,,
Seanny,MUNI,,,2059,,,,,,,,,,,,,
Seanny,MUNI,,,2061,,,,,,,,,,,,,
Seanny,MUNI,,,2061,,,,,,,,,,,,,
Seanny,MUNI,,,2062,,,,,,,,,,,,,
Seanny,MUNI,,,2062,,,,,,,,,,,,,
Seanny,MUNI,,,2062,,,,,,,,,,,,,
Seanny,MUNI,,,2062,,,,,,,,,,,,,
Seanny,MUNI,,,2062,,,,,,,,,,,,,
Seanny,MUNI,,,2063,,,,,,,,,,,,,
Seanny,MUNI,,,2064,,,,,,,,,,,,,
Seanny,MUNI,,,2065,,,,,,,,,,,,,
Seanny,MUNI,,,2066,,,,,,,,,,,,,
Seanny,MUNI,,,2067,,,,,,,,,,,,,
Seanny,MUNI,,,2068,,,,,,,,,,,,,
Seanny,MUNI,,,2068,,,,,,,,,,,,,
Seanny,MUNI,,,2068,,,,,,,,,,,,,
Seanny,MUNI,,,2069,,,,,,,,,,,,,
Seanny,MUNI,,,2070,,,,,,,,,,,,,
Seanny,MUNI,,,2070,,,,,,,,,,,,,
Seanny,MUNI,,,2072,,,,,,,,,,,,,
Seanny,MUNI,,,2074,,,,,,,,,,,,,
Seanny,MUNI,,,2074,,,,,,,,,,,,,
Seanny,MUNI,,,2074,,,,,,,,,,,,,
Seanny,MUNI,,,2076,,,,,,,,,,,,,
Seanny,MUNI,,,2077,,,,,,,,,,,,,
Seanny,MUNI,,,2077,,,,,,,,,,,,,
Seanny,MUNI,,,2078,,,,,,,,,,,,,
Seanny,MUNI,,,2080,,,,,,,,,,,,,
Seanny,MUNI,,,2082,,,,,,,,,,,,,
Seanny,MUNI,,,2082,,,,,,,,,,,,,
Seanny,MUNI,,,2083,,,,,,,,,,,,,
Seanny,MUNI,,,2084,,,,,,,,,,,,,
Seanny,MUNI,,,2085,,,,,,,,,,,,,
Seanny,MUNI,,,2085,,,,,,,,,,,,,
Seanny,MUNI,,,2086,,,,,,,,,,,,,
Seanny,MUNI,,,2086,,,,,,,,,,,,,
Seanny,MUNI,,,2087,,,,,,,,,,,,,
Seanny,MUNI,,,2091,,,,,,,,,,,,,
Seanny,MUNI,,,2092,,,,,,,,,,,,,
Seanny,MUNI,,,2094,,,,,,,,,,,,,
Seanny,MUNI,,,2095,,,,,,,,,,,,,
Seanny,MUNI,,,2099,,,,,,,,,,,,,
Seanny,MUNI,,,2102,,,,,,,,,,,,,
Seanny,MUNI,,,2103,,,,,,,,,,,,,
Seanny,MUNI,,,2105,,,,,,,,,,,,,
Seanny,MUNI,,,6601,,,,,,,,,,,,,
Seanny,MUNI,,,6667,,,,,,,,,,,,,
Seanny,MUNI,,,6671,,,,,,,,,,,,,
Seanny,MUNI,,,6676,,,,,,,,,,,,,
Seanny,MUNI,,,6680,,,,,,,,,,,,,
Seanny,MUNI,,,6696,,,,,,,,,,,,,
Seanny,MUNI,,,7234,,,,,,,,,,,,,
Seanny,MUNI,,,8613,,,,,,,,,,,,,
Seanny,MUNI,,,8616,,,,,,,,,,,,,
Seanny,MUNI,,,8734,,,,,,,,,,,,,
Seanny,MUNI,,,8809,,,,,,,,,,,,,
Seanny,MUNI,,,8842,,,,,,,,,,,,,
Seanny,MUNI,,,8843,,,,,,,,,,,,,
Seanny,MUNI,,,8886,,,,,,,,,,,,,
Seanny,MUNI,,,8955,,,,,,,,,,,,,
Seanny,MUNI,,,8965,,,,,,,,,,,,,
Seanny,MUNI,N,,2105,,,,Embarcadero,Church,,,,,,,,
Seanny,BART,Red,,4261,,,,12th St,Embarcadero,,,,,,,,
Seanny,MUNI,M,,2115,,,,Church Station,Embarcadero ,2023-11-11,13:00:00,,,,,,
Seanny,BART,Blue,,4001,,,,Embarcadero ,Lake Merrit,2023-11-11,13:25:00,,,,,,
Seanny,BART,Yellow,,4083,,,,12th St,24th St,2023-11-11,15:46:00,,,,,,
Seanny,BART,Green,,4371,,,,24th St,Powell,2023-11-11,17:25:00,,,,,,
Seanny,BART,Yellow,,4083,,,,Powell,12th St,2023-11-11,20:36:00,,,,,,
Seanny,BART,Yellow,,4090,,,,12th St,Embarcadero,2023-11-14,16:55:00,,,,,,
Seanny,BART,Yellow,,4366,,,,Embarcadero ,12th St,2023-11-14,17:40:00,,,,,,
Seanny,BART,Yellow,,4206,,,,12th St,Embarcadero ,2023-11-15,11:21:00,,,,,,
Seanny,BART,Green,,4165,,,,Embarcadero,Lake Merrit,2023-11-15,12:40:00,,,,,,
Seanny,Aer Lingus,EI 60,,EI-EIM,,,,SFO,DUB,2023-11-15,,,,Airbus A330-302,A333,St Sillan / Síoláin,
Seanny,Luas,Red,,3011,,,,The Point,Abbey Street,2023-11-16,16:56:00,,,,,,
Seanny,Luas,Red,,4003,,,,Abbey Street,The Point,2023-11-16,21:16:00,,,,,,
Seanny,Luas,Red - Tallaght,,3014,,,,The Point,Abbey Street,2023-11-17,12:14:00,,,,,,
Seanny,Luas,Red - Saggart,,3005,,,,Abbey Street,Smithfield ,2023-11-17,12:50:00,,,,,,
Seanny,Luas,Red - The Point ,,3013,,,,Smithfield ,The Point ,2023-11-17,14:30:00,,,,,,
Seanny,Luas,Red,,3005,,,,The Point,Jervis,2023-11-17,20:28:00,,,,,,
Seanny,Luas,Red,,3008,,,,Jervis,The Point,2023-11-17,,,,,,,
Seanny,Dublin Bus,G1,,SG 351,,,,7883,7890,2023-11-17,,,,,,,
Seanny,Dublin Bus,G2,,PA 227,,,,7890,7889,2023-11-17,,,,,,,
Seanny,Luas,Red - The Point,,3025,,,,Mayor Square - NCI,The Point,2023-11-18,16:40:00,,,,,,
Seanny,Luas,Green - Broombridge,,5017,,,,,O'Conell - GPO,2023-11-18,17:45:00,,,,,,
Seanny,Luas,Red - The Point,,3022,,,,Abbey Street,The Point,2023-11-18,17:51:00,,,,,,
Seanny,Luas,Red - Tallaght,,3025,,,,The Point,Mayor Square - NCI,2023-11-18,18:55:00,,,,,,
Seanny,Luas,Red - Tallaght,,3018,,,,The Point,Jervis,2023-11-18,21:33:00,,,,,,
Seanny,Dublin Bus,G1,,SG 523,,,,7883,7890,2023-11-19,1:59:00,,,,,,
Seanny,Dublin Bus,151 - Docklands,,,,,,2383,7623,2023-11-19,17:00:00,,,,,,
Seanny,Luas,Red - Tallaght,,3006,,,,The Point,Jervis,2023-11-19,17:51:00,,,,,,
Seanny,Luas,Red - The Point,,3016,,,,Jervis,The Point,2023-11-19,21:51:00,,,,,,
Seanny,Luas,Red - Tallaght ,,3015,,,,The Point,James's,2023-11-20,11:42:00,,,,,,
Seanny,Luas,Green,,5028,,,,Marlborough,St. Stephen's Green,2023-11-20,15:45:00,,,,,,
Seanny,Luas,Green - Parnell,,5003,,,,Dawson,O'Connell GPO,2023-11-20,19:34:00,,,,,,
Seanny,Luas,Red - The Point ,,3021,,,,Abbey Street ,The Point,2023-11-20,19:38:00,,,,,,
Seanny,Luas,Red,,3017,,,,James's,Abbey Street,2023-11-20,,,,,,,
Seanny,Luas,Red - Saggart,,3018,,,,The Point,Heuston ,2023-11-21,12:58:00,,,,,,
Seanny,Irish Rail,,,22133,,,,Dublin Houston,Portlaoise,2023-11-21,14:00:00,,,,,,
Seanny,Luas,Red - The Point,,3006,,,,Heuston,The Point,2023-11-21,20:18:00,,,,,,
Seanny,Irish Rail,,,4203,,,,Portlaoise,Dublin Heuston,2023-11-21,20:19:00,,,,,,
Seanny,Luas,Red - Tallaght,,4013,,,,The Point,Abbey Street,2023-11-22,10:30:00,,,,,,
Seanny,Luas,Red - The Point ,,3020,,,,Abbey Street,The Point,2023-11-22,12:15:00,,,,,,
Seanny,Luas,Green - Sandyford,,5007,,,,Marlborough,Trinity,2023-11-22,15:01:00,,,,,,
Seanny,Luas,Green - Sandyford,,5037,,,,Dawson ,Dunedin,2023-11-22,17:39:00,,,,,,
Seanny,Luas,Green - Parnell,,5031,,,,Baldly,Westmoreland,2023-11-22,19:35:00,,,,,,
Seanny,Luas,Red - The Point ,,3013,,,,Jervis,The Point,2023-11-22,21:20:00,,,,,,
Seanny,Luas,Red - The Point ,,3013,,,,Jervis,The Point,2023-11-22,23:42:00,,,,,,
Seanny,Luas,Red - Tallaght ,,4013,,,,The Point,Jervis,2023-11-22,,,,,,,
Seanny,Luas,Red,,3021,,,,The Point,Abbey St,2023-11-23,12:43:00,,,,,,
Seanny,Luas,Red,,3013,,,,The Point,Abbey St,2023-11-23,18:20:00,,,,,,
Seanny,Dublin Bus,G2,,PA 238,,,,7890,,2023-11-24,12:47:00,,,,,,
Seanny,DART,,,8528,,,,Grand Canal Dock,Bray Daly,2023-11-24,15:08:00,,,,,,
Seanny,DART,,,8629,,,,Bray Daly,Tara St,2023-11-24,18:37:00,,,,,,
Seanny,Dublin Bus,G2,,SG 459,,,,407,7890,2023-11-24,,,,,,,
Seanny,Dublin Bus,G2,,SG 353,,,,7890,303,2023-11-24,,,,,,,
Seanny,Dublin Bus,15,,SG 491,,,,301,1076,2023-11-24,,,,,,,
Seanny,DART,,,8339,,,,Connolly,Howth,2023-11-25,11:44:00,,,,,,
Seanny,Luas,Red - The Point,,3014,,,,Busáras,The Point,2023-11-25,16:08:00,,,,,,
Seanny,DART,,,8324,,,,Howth,Connolly,2023-11-25,17:17:00,,,,,,
Seanny,Dublin Bus,G1,,PA 232,,,,7890,,2023-11-25,20:37:00,,,,,,
Seanny,Luas,Red - The Point ,,4004,,,,Abbey St,The Point,2023-11-25,22:56:00,,,,,,
Seanny,Luas,Red - Saggart,,3005,,,,The Point,Busáras,2023-11-25,,,,,,,
Seanny,Dublin Bus,G2,,SG 456,,,,2498,7890,2023-11-25,,,,,,,
Seanny,Luas,Red,,4007,,,,The Point,Abbey St,2023-11-26,,,,,,,
Seanny,Luas,Red - Saggart,,3013,,,,The Point,George's Dock,2023-11-27,10:58:00,,,,,,
Seanny,Luas,Red - Saggart ,,3007,,,,George's Dock,Abbey St,2023-11-27,14:58:00,,,,,,
Seanny,Luas,Green,,5013,,,,Marlborough ,Dawson,2023-11-27,15:05:00,,,,,,
Seanny,Luas,Red - Tallaght,,4010,,,,The Point,Abbey St,2023-11-28,11:15:00,,,,,,
Seanny,Luas,Red - Saggart,,4003,,,,Jarvis,Heuston ,2023-11-28,12:31:00,,,,,,
Seanny,Dublin Bus,99,,,,,,8209,8203,2023-11-28,13:12:00,,,,,,
Seanny,Dublin Bus,99,,PA 222,,,,8203,7078,2023-11-28,15:00:00,,,,,,
Seanny,Luas,Red - The Point ,,3009,,,,Heuston,Abbey St,2023-11-28,15:19:00,,,,,,
Seanny,Luas,Green - Bride's Glen,,5033,,,,Marlborough ,,2023-11-28,15:33:00,,,,,,
Seanny,Luas,Green - Broombridge,,5019,,,,Kilmacud ,Harcourt,2023-11-28,18:53:00,,,,,,
Seanny,Luas,Green - Parnell,,5018,,,,Harcourt,O'Connell - GPO,2023-11-28,20:41:00,,,,,,
Seanny,Luas,Red - The Point,,3023,,,,Abbey Street,The Point,2023-11-28,,,,,,,
Seanny,Luas,Red - The Point ,,3025,,,,Jervis,The Point,2023-11-29,13:36:00,,,,,,
Seanny,Luas,Red - Saggart,,3021,,,,The Point,Four Courts,2023-11-29,15:51:00,,,,,,
Seanny,Luas,Red - The Point ,,4013,,,,Abbey Street,The Point,2023-11-29,21:14:00,,,,,,
Seanny,Luas,Red - Tallaght,,4007,,,,The Point,Jervis,2023-11-29,,,,,,,
Seanny,Aer Lingus,EI 061,,EI-GAJ,,,,DUB,SFO,2023-11-30,,,,Airbus A330-302,A333,St Carthage / Mochuta,
Seanny,BART,Yellow,,4083,,,,12th St,Embarcadero,2023-12-02,16:12:00,,,,,,
Seanny,MUNI,M,,1549,,,,Embarcadero,Castro,2023-12-02,16:33:00,,,,,,
Seanny,BART,Yellow ,,4036,,,,12th St,Montgomery,2023-12-05,8:59:00,,,,,,
Seanny,BART,Blue,,4207,,,,Embarcadero ,Civic Center,2023-12-05,17:27:00,,,,,,
Seanny,BART,Yellow,,4139,,,,Civic Center,12th St,2023-12-05,17:35:00,,,,,,
Seanny,BART,Red,,3179,,,,12th St,Montgomery,2023-12-06,9:00:00,,,,,,
Seanny,BART,Red,,,,,,Montgomery,12th St,2023-12-06,11:13:00,,,,,,
Seanny,BART,Yellow,,4297,,,,12th St,Montgomery,2023-12-06,11:38:00,,,,,,
Seanny,BART,Yellow,,4139,,,,Montgomery,12th St,2023-12-06,17:13:00,,,,,,
Seanny,BART,Yellow,,3022,,,,12th St,Montgomery,2023-12-07,8:55:00,,,,,,
Seanny,BART,Red,,3122,,,,Montgomery,12th St,2023-12-07,15:45:00,,,,,,
Seanny,BART,Yellow,,3014,,,,12th St,Embarcadero ,2023-12-09,15:28:00,,,,,,
Seanny,MUNI,M,,2106,,,,Embarcadero ,Church,2023-12-09,15:47:00,,,,,,
Seanny,BART,Red,,4100,,,,12th St,Montgomery,2023-12-11,12:00:00,,,,,,
Seanny,BART,Red,,4216,,,,Embarcadero,12th St,2023-12-11,14:12:00,,,,,,
Seanny,BART,Yellow,,3057,,,,12th St,Montgomery,2023-12-12,8:56:00,,,,,,
Seanny,BART,Yellow,,4090,,,,Montgomery,12th St,2023-12-12,17:08:00,,,,,,
Seanny,BART,Yellow,,3065,,,,12th St,Montgomery,2023-12-13,11:37:00,,,,,,
Seanny,BART,Red,,3112,,,,12th St,Montgomery,2023-12-14,9:00:00,,Updated display,,,,
Seanny,MUNI,N,,,,,,King St & 2nd St,9th Ave & Irving St,2023-12-14,,,,,,,
Seanny,MUNI,44,,,,,,,,2023-12-14,,,,,,,
Seanny,BART,Yellow,,4042,,,,12th St,Embarcadero,2023-12-15,8:47:00,,,,,,
Seanny,MUNI,N,,2072,,,,Embarcadero ,King St & 2nd St,2023-12-15,9:11:00,,,,,,
Seanny,BART,Yellow,,3145,,,,Montgomery,12th St,2023-12-15,11:28:00,,,,,,
Seanny,BART,Yellow,,4113,,,,12th St,24th St,2023-12-16,8:51:00,,Speaker crackly,,,,
Seanny,MUNI,7,,6552,,,,14953,13089,2023-12-16,9:55:00,,,,,,
Seanny,BART,Blue,,3240,,,,Embarcadero ,West Oakland,2023-12-16,11:26:00,,,,,,
Seanny,BART,Red ,,3218,,,,West Oakland ,12th St,2023-12-16,11:39:00,,Updated display,,,,
Seanny,BART,Yellow,,3027,,8,1,12th St,SFO,2023-12-17,13:41:00,,,,,,
Seanny,AirTrain SFO,Red,,,,,,International Terminal G,Terminal 3,2023-12-17,,,,,,,
Seanny,United,UA1509,,N222UA,,,,SFO,HNL,2023-12-17,,,,Boeing 777-222(ER),B772,,
Seanny,United States Navy,,,BB-63,,,,,,2023-12-18,,,,,,,
Seanny,United States Navy,,,TB-39-5,,,,,,2023-12-18,,,,,,,
Seanny,United States Navy,,,TB-39-4,,,,,,2023-12-18,,,,,,,
Seanny,United States Navy,,,SS-287,,,,,,2023-12-18,,,,,,,
Seanny,Blue Hawaiian,,,N11QE,,,,,,2023-12-21,,,,,,,
Seanny,Maita'i Catamaran,,,WDC4426,,,,,,2023-12-22,,,,,,,
Seanny,Southwest,WN 1717,,N8710M,,,,HNL - E7,LIH - 9,2023-12-23,,,,Boeing 737 MAX 8,B38M,,
Seanny,Wiki-Wiki Shuttle,,,6004,,,,A,G,2023-12-31,,,,,,,
Seanny,United,UA1141,,N778UA,,,,HNL - G4,SFO - F15,2023-12-31,,,,Boeing 777-222,B772,,
Seanny,Hawaiian ,HA224,,N487HA,,,,LIH - 3,HNL - A15,2023-12-31,,,,Boeing 717-22A,B712,,
Seanny,BART,,,4035,,8,2,12th St,Montgomery,2024-01-03,9:57:00,,First car 3041 doors said Out Of Service,,,,
Seanny,BART,Yellow,,4289,,8,2,Embarcadero,12th St,2024-01-03,17:27:00,,,,,,
Seanny,BART,Yellow,,3086,,8,1,12th St,Montgomery,2024-01-04,10:48:00,,,,,,
Seanny,BART,Yellow,,4190,,8,7,Embarcadero ,12th St,2024-01-04,,,Updated display,,,,
Seanny,BART,Red,,3235,,,,12th St,Montgomery,2024-01-10,,,,,,,
Seanny,BART,Yellow,,4047,,8,7,Montgomery,12th St,2024-01-10,,,,,,,
Seanny,BART,Yellow,,4287,,8,2,12th St,Powell,2024-01-10,,,,,,,
Seanny,BART,Red,,3108,,8,1,12th St,16th St,2024-01-11,9:20:00,,Full packed,,,,
Seanny,MUNI,N,,1501,,,,Church,King St & 2nd St,2024-01-11,11:57:00,,,,,,
Seanny,BART,Yellow,,3053,,8,8,Montgomery,12th St,2024-01-11,17:22:00,,Packed at Embarcadero ,,,,
Seanny,MUNI,22,,,,,,,,2024-01-11,,,,,,,
Seanny,BART,Red,,3092,,6,1,12th St,Civic Center,2024-01-13,15:47:00,,Updated Display,,,,
Seanny,MUNI,K,,2070,,,,Civic Center,Castro,2024-01-13,16:10:00,,,,,,
Seanny,BART,Red ,,3003,,6,6,Civic Center,12th St,2024-01-13,21:10:00,,,,,,
Seanny,MUNI,M,,2078,,,,Castro,,2024-01-13,,,,,,,
Seanny,MUNI,N,,1522,,,,Embarcadero ,King St & 2nd St,2024-01-15,9:53:00,,,,,,
Seanny,BART,Yellow,,4268,,8,2,12th St,Powell,2024-01-15,13:28:00,,One display went white before arriving at Embarcadero ,,,,
Seanny,MUNI,N,,1497,,,,King St & 2nd St,Embarcadero,2024-01-15,16:28:00,,,,,,
Seanny,BART,Red,,3106,,6,6,Montgomery,12th St,2024-01-15,18:50:00,,Updated displays,,,,
Seanny,BART,,,3093,,8,1,12th St,Embarcadero ,2024-01-16,9:33:00,,,,,,
Seanny,BART,Yellow,,4172,,8,6,Embarcadero ,12th St,2024-01-16,16:46:00,,Extremely packed platform and trains,,,,
Seanny,BART,Yellow,,3089,,8,1,12th St,Montgomery,2024-01-18,9:28:00,,,,,,
Seanny,BART,Yellow ,,4066,,,,Montgomery,12th St,2024-01-18,16:50:00,,,,,,
Seanny,BART,Yellow,,3191,,8,1,12th St,Powell,2024-01-21,12:19:00,12:32:00,,,,,
Seanny,MUNI,N,,2011,,,,Powell,Castro,2024-01-21,16:14:00,,,,,,
Seanny,BART,Yellow,,3057,,8,1,12th St,Montgomery,2024-01-23,9:19:00,,,,,,
Seanny,BART,Yellow,,4380,,8,6,Montgomery,12th St,2024-01-23,17:18:00,,,,,,
Seanny,BART,Red,,3174,,6,1,12th St,Embarcadero ,2024-01-24,10:23:00,,,,,,
Seanny,MUNI,N,,,,,,Embarcadero,King St & 2nd St,2024-01-24,10:37:00,,,,,,
Seanny,MUNI,N,,2087,,,,King St & 2nd St,Embarcadero,2024-01-24,21:20:00,,,,,,
Seanny,BART,Red,,3132,,6,6,Embarcadero ,12th St,2024-01-24,21:35:00,21:46:00,Outlet in bike area at X end,,,,
Seanny,BART,Yellow,,3181,,8,1,12th St,Montgomery,2024-01-30,9:20:00,,,,,,
Seanny,BART,Yellow,,3126,,8,8,Montgomery,12th St,2024-01-30,14:48:00,,,,,,
Seanny,BART,Red,,3106,,6,1,12th St,Embarcadero ,2024-01-31,9:59:00,,Updated display ,,,,
Seanny,MUNI,N,,2081,,,,Embarcadero,King St & 2nd St,2024-01-31,10:20:00,,,,,,
Seanny,MUNI,N,,2027,,,,King St & 2nd St,Embarcadero ,2024-01-31,16:49:00,,,,,,
Seanny,BART,Red,,4156,,6,3,Embarcadero ,12th St,2024-01-31,16:59:00,17:10:00,Updated display ,,,,
Seanny,BART,Red,,3003,,6,1,12th St,Embarcadero ,2024-02-01,9:21:00,9:32:00,,,,,
Seanny,MUNI,N,,2002,,,,Embarcadero,King St & 2nd St,2024-02-01,9:39:00,9:46:00,More people than usual,,,,
Seanny,MUNI,N,,1482,,,,King St & 2nd St,Embarcadero ,2024-02-01,17:18:00,,,,,,
Seanny,BART,Yellow,,4306,,8,7,Embarcadero ,12th St,2024-02-01,17:31:00,,,,,,
Seanny,BART,Red,,4087,,6,5,12th St,Powell,2024-02-03,14:39:00,14:53:00,,,,,
Seanny,BART,Red,,3232,,6,6,Powell,12th St,2024-02-03,18:11:00,18:25:00,Updated display,,,,
Seanny,BART,Yellow,,3144,,6,1,12th St,Powell,2024-02-03,,,,,,,
Seanny,BART,Blue,,3265,,6,6,Civic Center,West Oakland,2024-02-04,23:34:00,23:44:00,Litter and liquid on the floor and an uncomfortable smell,,,,
Seanny,BART,Yellow,,,,8,7,West Oakland ,12th St,2024-02-04,23:47:00,23:51:00,,,,,
Seanny,BART,Red ,,3106,,,,12th St,Montgomery,2024-02-06,10:41:00,10:52:00,Updated display ,,,,
Seanny,BART,Yellow ,,4336,,8,7,Montgomery,12th St,2024-02-06,17:19:00,,,,,,
Seanny,BART,Yellow ,,3221,,8,1,12th St,Montgomery,2024-02-08,9:37:00,9:49:00,Outlet in bike area at X end,,,,
Seanny,BART,Yellow,,4368,,8,7,Montgomery,12th St,2024-02-08,16:07:00,,,,,,
Seanny,BART,Red,,3229,,6,1,12th St,Powell,2024-02-09,17:19:00,,Updated display ,,,,
Seanny,BART,Yellow,,3041,,8,1,Powell,SFO,2024-02-09,21:12:00,21:42:00,,,,,
Seanny,BART,Yellow,,3177,,8,8,SFO,12th St,2024-02-09,,22:37:00,10-minute delay before Civic Center,,,,
Seanny,BART,Yellow,,3220,,8,1,12th St,Montgomery,2024-02-13,10:57:00,11:11:00,Hold at West Oakland ,,,,
Seanny,BART,Yellow,,4132,,8,7,Montgomery,12th St,2024-02-13,17:19:00,17:32:00,,,,,
Seanny,BART,Yellow,,3249,,8,1,12th St,Montgomery,2024-02-14,10:28:00,,,,,,
Seanny,MUNI,N,,2059,,2,2,King St & 2nd St,Embarcadero ,2024-02-14,17:06:00,17:14:00,,,,,
Seanny,BART,Yellow,,4255,,8,7,Embarcadero ,12th St,2024-02-14,17:25:00,17:34:00,,,,,
Seanny,BART,Yellow,,4255,,6,2,12th St,Montgomery,2024-02-15,9:08:00,9:20:00,,,,,
Seanny,BART,Yellow,,4255,,8,7,Montgomery,12th St,2024-02-16,16:48:00,17:00:00,,,,,
Seanny,BART,Blue,,1760,,6,4,Civic Center,West Oakland,2024-02-18,23:51:00,0:01:00,,,,,
Seanny,BART,Yellow ,,4270,,8,7,West Oakland ,12th St,2024-02-19,0:12:00,0:15:00,,,,,
Seanny,BART,Yellow,,3186,,8,1,12th St,Embarcadero ,2024-02-20,12:09:00,12:21:00,,,,,
Seanny,MUNI,N,,1526,,2,2,Embarcadero ,King St & 2nd St,2024-02-20,12:32:00,,,,,,
Seanny,MUNI,N,,2085,,2,2,King St & 2nd St,Folsom,2024-02-20,16:58:00,17:03:00,,,,,
Seanny,BART,Red,,3042,,6,6,Embarcadero,12th St,2024-02-20,17:56:00,18:08:00,Sticky floor,,,,
Seanny,BART,Yellow,,3091,,8,1,12th St,Montgomery,2024-02-21,9:57:00,10:09:00,,,,,
Seanny,MUNI,15,,8725,,,,3rd St & Brannan St - 13114,Sutter St & Sansome St - 16606,2024-02-21,17:05:00,17:11:00,,,,,
Seanny,BART,Green,,3038,,6,1,Montgomery,Civic Center,2024-02-21,17:16:00,17:19:00,,,,,
Seanny,MUNI,M,,2072,,2,2,Civic Center,Castro,2024-02-21,17:22:00,17:28:00,,,,,
Seanny,BART,Red,,3132,,6,1,12th St,Montgomery,2024-02-23,17:20:00,,,,,,
Seanny,BART,Red,,3039,,6,1,12th St,Montgomery,2024-02-24,11:59:00,,Very full ,,,,
Seanny,MUNI,S,,2107,,2,1,Castro ,Montgomery,2024-02-24,16:55:00,17:06:00,,,,,
Seanny,BART,Yellow,,4218,,8,7,Montgomery,12th St,2024-02-27,17:39:00,17:50:00,,,,,
Seanny,BART,Yellow,,3200,,8,1,12th St,Montgomery,2024-02-27,,10:41:00,,,,,
Seanny,Southwest,WN 1379,,N8854Q,,,,OAK - 25,LGB,2024-03-01,,,,Boeing 737 MAX 8,B38M,,
Seanny,Southwest,WN 2442,,N8723Q,,,,LGB - 7,OAK,2024-03-03,,,,Boeing 737 MAX 8,B38M,,
Seanny,BART,Red,,3159,,8,1,12th St,Montgomery,2024-03-06,11:20:00,11:34:00,Updated display ,,,,
Seanny,BART,Red,,4342,,8,7,Montgomery,12th St,2024-03-06,17:22:00,17:34:00,Updated display ,,,,
Seanny,BART,Yellow,,3093,,8,1,12th St,West Oakland ,2024-03-06,21:49:00,,,,,,
Seanny,BART,Yellow,,4398,,8,7,West Oakland ,12th St,2024-03-06,22:08:00,22:11:00,,,,,
Seanny,BART,Yellow,,3083,,8,8,Powell,12th St,2024-03-07,0:17:00,,,,,,
Seanny,BART,Yellow ,,3182,,8,1,12th St,Embarcadero ,2024-03-07,11:28:00,,Outlet in bike area at X end,,,,
Seanny,BART,Yellow ,,4035,,8,7,Montgomery,12th St,2024-03-07,17:52:00,18:03:00,,,,,
Seanny,BART,Yellow,,4287,,8,2,12th St,Powell,2024-03-08,20:50:00,21:03:00,,,,,
Seanny,MUNI,F,,1062,,,,Market St & Noe St - 15687,Market St & Gough,2024-03-09,21:01:00,21:11:00,,,,,
Seanny,BART,Yellow,,4161,,8,7,Civic Center,12th St,2024-03-09,21:21:00,,,,,,
Seanny,BART,Red,,,,,,12th St,West Oakland,2024-03-09,,,,,,,
Seanny,BART,,,,,,,West Oakland,12th St,2024-03-09,,,,,,,
Seanny,BART,Yellow,,3168,,8,1,12th St,Montgomery,2024-03-12,11:14:00,11:25:00,,,,,
Seanny,BART,Yellow,,4077,,8,7,Montgomery,12th St,2024-03-12,17:09:00,17:20:00,,,,,
Seanny,BART,Yellow,,3094,,8,1,12th St,Montgomery,2024-03-13,11:09:00,11:21:00,,,,,
Seanny,BART,Yellow,,4309,,8,7,Montgomery,12th St,2024-03-13,17:19:00,17:30:00,,,,,
Seanny,BART,Yellow,,3236,,8,1,12th St,Powell,2024-03-13,22:30:00,22:45:00,,,,,
Seanny,AC Transit,,,,,,,Market St & Powell St - 51441,14th St & Broadway - 55503,2024-03-14,1:04:00,,,,,,
Seanny,MUNI,N,,2035,,2,2,King St & 2nd St,Embarcadero,2024-03-14,17:16:00,17:25:00,,,,,
Seanny,BART,17:32:00,,4198,,8,7,Embarcadero ,12th St,2024-03-14,,12:42:00,,,,,
Seanny,BART,Yellow,,3275,,8,1,12th St,Embarcadero ,2024-03-19,17:08:00,17:19:00,,,,,
Seanny,BART,Yellow,,4386,,8,7,Embarcadero,12th St,2024-03-19,19:00:00,19:10:00,,,,,
Seanny,BART,Yellow,,3275,,8,1,12th St,Montgomery,2024-03-21,9:37:00,9:49:00,,,,,
Seanny,BART,Blue,,4264,,6,3,Embarcadero,Lake Merritt,2024-03-21,17:07:00,17:18:00,Outlet in bike area at X end,,,,
Seanny,BART,Red,,3087,,6,1,12th St,Civic Center,2024-03-24,12:01:00,12:16:00,Updated Display ,,,,
Seanny,BART,Yellow,,4093,,6,7,Powell,12th St,2024-03-24,13:18:00,13:30:00,,,,,
Seanny,BART,Yellow,,4093,,8,2,12th St,Montgomery,2024-03-26,9:29:00,9:41:00,"In half the car, 11/49 people were wearing masks",,,,
Seanny,BART,Blue,,3149,,6,6,Embarcadero,Lake Merritt ,2024-03-26,17:47:00,17:58:00,,,,,
Seanny,BART,Red,,3046,,6,1,12th St,Montgomery,2024-03-27,11:01:00,11:13:00,Updated display ,,,,
Seanny,BART,Yellow ,,4147,,8,7,Montgomery,12th St,2024-03-27,16:54:00,17:07:00,,,,,
Seanny,BART,Yellow ,,3260,,8,1,12th St,Montgomery,2024-03-28,9:33:00,9:45:00,,,,,
Seanny,BART,Yellow,,4014,,8,7,Montgomery,12th St,2024-03-28,17:40:00,17:51:00,,,,,
Seanny,BART,Yellow,,3189,,8,1,12th St,Montgomery,2024-03-30,11:29:00,11:41:00,,,,,
Seanny,BART,Yellow,,4058,,8,6,Powell,12th St,2024-03-30,13:56:00,14:09:00,,,,,
Seanny,BART,Yellow,,3166,,8,1,12th St,Montgomery,2024-04-02,10:28:00,10:41:00,,,,,
Seanny,BART,Yellow,,4125,,8,6,Embarcadero ,12th St,2024-04-02,17:40:00,17:50:00,,,,,
Seanny,BART,Yellow,,3139,,8,1,12th St,Powell,2024-04-03,22:13:00,22:26:00,,,,,
Seanny,BART,Yellow,,3181,,8,1,12th St,Powell,2024-04-06,14:48:00,15:03:00,,,,,
Seanny,BART,Red,,4074,,6,5,Civic Center,12th St,2024-04-06,18:49:00,19:03:00,Updated display ,,,,
Seanny,MUNI,M,,2077,,2,1,Castro,Civic Center,2024-04-06,,18:38:00,,,,,
Seanny,BART,Yellow,,3245,,8,8,Montgomery,12th St,2024-04-09,17:02:00,17:14:00,,,,,
Seanny,BART,Yellow,,3138,,8,1,12th St,Montgomery,2024-04-09,,12:09:00,,,,,
Seanny,BART,Yellow,,4014,,8,2,12th St,Montgomery,2024-04-10,10:17:00,10:29:00,,,,,
Seanny,BART,Yellow,,4336,,8,7,Montgomery,12th St,2024-04-10,16:59:00,17:10:00,,,,,
Seanny,BART,Yellow,,3228,,8,1,12th St,Powell,2024-04-10,21:56:00,22:09:00,,,,,
Seanny,BART,Yellow,,4053,,8,7,Powell,12th St,2024-04-11,0:30:00,0:42:00,,,,,
Seanny,BART,Yellow,,3022,,8,1,12th St,Montgomery,2024-04-11,11:17:00,11:29:00,,,,,
Seanny,BART,Yellow,,4084,,8,7,Montgomery,12th St,2024-04-11,17:18:00,17:31:00,,,,,
Seanny,BART,Yellow,,3276,,8,1,12th St,Embarcadero,2024-04-12,12:13:00,12:24:00,,,,,
Seanny,BART,Red,,4232,,8,7,Embarcadero,12th St,2024-04-12,12:52:00,13:04:00,Static Display,,,,
Seanny,BART,Yellow,,3196,,8,1,12th St,Montgomery,2024-04-13,15:40:00,15:53:00,,,,,
Seanny,MUNI,M,,2078,,2,2,Montgomery,Castro,2024-04-13,15:58:00,16:06:00,,,,,
Seanny,BART,Yellow,,4276,,8,7,Powell,12th St,2024-04-13,23:06:00,23:18:00,,,,,
Seanny,BART,Yellow,,4368,,8,7,12th St,Embarcadero ,2024-04-14,16:48:00,16:59:00,Outlet in bike area at X end,,,,
Seanny,MUNI,K,97,2124,,2,2,Embarcadero ,Metro Van Ness,2024-04-14,17:02:00,17:08:00,,,,,
Seanny,MUNI,9,114,8759,,,,11th St & Market St,11th St & Harrison St,2024-04-14,17:15:00,17:18:00,,,,,
Seanny,BART,Yellow,,3276,,8,1,12th St,Montgomery,2024-04-16,9:09:00,,,,,,
Seanny,BART,Yellow,,4079,,8,7,Montgomery,12th St,2024-04-16,17:28:00,17:39:00,Outlet in bike area at X end ,,,,
Seanny,BART,Yellow,,4188,,7,2,12th St,Montgomery,2024-04-17,8:09:00,8:21:00,,,,,
Seanny,BART,Blue,,3188,,6,6,Montgomery,Lake Merritt,2024-04-17,22:54:00,23:07:00,,,,,
Seanny,BART,Yellow,,4131,,8,7,Montgomery,12th St,2024-04-18,21:59:00,22:11:00,,,,,
Seanny,BART,Yellow,,3215,,8,1,12th St,Montgomery,2024-04-18,,8:41:00,,,,,
Seanny,BART,Yellow,,4151,,8,7,Montgomery,12th St,2024-04-19,17:10:00,17:21:00,,,,,
Seanny,BART,Yellow,,3160,,8,1,12th St,Montgomery,2024-04-19,,9:01:00,,,,,
Seanny,BART,Orange,,3042,,6,6,12th St,MacArthur,2024-04-20,12:37:00,12:42:00,All seats against wall,,,,
Seanny,BART,Legacy Run,,1897,,5,4,MacArthur ,Bay Fair,2024-04-20,13:59:00,14:18:00,,,,,
Seanny,BART,Legacy Run,,1212,,5,1,Bay Fair,MacArthur,2024-04-20,14:29:00,,,,,,
Seanny,BART,Orange ,,4071,,6,5,MacArthur,12th St,2024-04-20,15:06:00,15:10:00,,,,,
Seanny,BART,Red ,,4100,,8,5,12th St,Embarcadero,2024-04-20,16:39:00,16:50:00,,,,,
Seanny,MUNI,CA,,60,,,,Van Ness & California,California St & Jones St,2024-04-20,16:59:00,,,,,,
Seanny,BART,Yellow ,,4188,,8,7,Montgomery,12th St,2024-04-23,17:08:00,,Outlet in bike area at X end,,,,
Seanny,BART,Yellow,,3144,,8,1,12th St,Montgomery,2024-04-23,,9:49:00,,,,,
Seanny,BART,Yellow,,3086,,8,1,12th St,Embarcadero,2024-04-24,11:33:00,11:44:00,,,,,
Seanny,MUNI,N,14,2085,,2,2,Embarcadero,King St & 2nd St,2024-04-24,12:04:00,12:14:00,,,,,
Seanny,BART,Blue,,3194,,6,1,Powell,24th St,2024-04-24,18:27:00,18:33:00,,,,,
Seanny,BART,Yellow,,4363,,8,7,24th St,12th St,2024-04-24,22:11:00,22:30:00,Screens messed up,,,,
Seanny,BART,Yellow,,3245,,8,1,12th St,Montgomery,2024-04-25,10:57:00,11:09:00,BART employee joined driver at Embarcadero Station ,,,,
Seanny,MUNI,S,810,1539,,2,2,Embarcadero,Church,2024-04-25,17:40:00,17:49:00,,,,,
Seanny,MUNI,F,,1010,,,,Market St & Church St - 15662,Market St & 8th St - 15651,2024-04-25,18:52:00,19:01:00,,,,,
Seanny,BART,Red,,4020,,8,7,Civic Center,12th St,2024-04-25,19:07:00,19:23:00,,,,,
Seanny,BART,Yellow,,3054,,8,1,12th St,Montgomery,2024-04-29,17:48:00,18:01:00,"Outlet in bike area of X end, smashed and covered over",,,,
Seanny,MUNI,38R,476,6704,,,2,Market St & Montgomery St - 15684,Geary Blvd & Laguna St - 14304,2024-04-29,18:05:00,18:16:00,Bendy bus,,,,
Seanny,MUNI,38R,490,6648,,,1,Geary Blvd & Laguna St - 14305,Market St & 3rd St - 15641,2024-04-29,20:49:00,20:59:00,Bendy bus,,,,
Seanny,BART,Yellow,,4190,,8,7,Montgomery,12th St,2024-04-29,21:08:00,21:19:00,,,,,
Seanny,BART,Yellow,,3047,Y,8,2,12th St,Montgomery,2024-04-30,9:37:00,9:49:00,Signage said 10-car,,,,
Seanny,BART,Yellow,,4182,Y,8,7,West Oakland,12th St,2024-04-30,18:16:00,18:19:00,,,,,
Seanny,BART,Blue,,3194,X,6,6,Montgomery,West Oakland ,2024-04-30,,18:13:00,Outlet in bike area at X end,,,,
Seanny,AC Transit,O,,6113,,,,7th St & Alice St - 54227,Salesforce Transit Center Bay 21,2024-05-01,9:59:00,10:16:00,,,,,
Seanny,MUNI,N,84,2022,B,2,2,King St & 2nd St,Montgomery,2024-05-01,17:48:00,17:57:00,,,,,
Seanny,BART,Yellow,,3068,Y,8,1,Montgomery,24th St,2024-05-01,18:02:00,18:09:00,,,,,
Seanny,BART,Blue,,4278,Y,6,3,24th St,Powell,2024-05-01,22:26:00,22:31:00,,,,,
Seanny,MUNI,N,51,2060,B,2,2,Embarcadero ,King St & 2nd St,2024-05-02,9:54:00,10:02:00,,,,,
Seanny,BART,Blue,,3234,X,6,6,Montgomery,Lake Merritt ,2024-05-02,17:46:00,17:59:00,,,,,
Seanny,BART,Yellow,,3260,Y,8,1,12th St,Embarcadero ,2024-05-02,,9:39:00,,,,,
Seanny,BART,Yellow,,3215,Y,8,1,12th St,Montgomery,2024-05-07,10:37:00,10:49:00,,,,,
Seanny,BART,Yellow,,4157,X,8,7,Montgomery,12th St,2024-05-07,17:30:00,17:41:00,,,,,
Seanny,BART,Yellow,,3233,Y,8,1,12th St,Embarcadero,2024-05-08,10:37:00,10:47:00,,,,,
Seanny,MUNI,N,1,2017,A,2,2,Embarcadero,King St & 2nd St,2024-05-08,10:52:00,10:58:00,,,,,
Seanny,MUNI,N,66,2043,A,2,2,King St & 2nd St,Montgomery,2024-05-08,17:18:00,17:28:00,,,,,
Seanny,MUNI,24,100,5803,,,,Divisidero St & Geary Blvd- 14422,Castro St & Market St - 14334,2024-05-08,19:23:00,19:33:00,,,,,
Seanny,MUNI,38R,490,6705,,,,,,2024-05-08,,17:46:00,,,,,
Seanny,BART,Yellow,,3114,Y,8,1,12th St,Montgomery,2024-05-09,10:38:00,10:50:00,,,,,
Seanny,BART,Blue,,4391,X,8,7,Montgomery,Lake Merritt,2024-05-09,17:25:00,17:40:00,,,,,
Seanny,MUNI,7,209,6527,,,1,Height St & Divisidero St - 14951,Market St & 8th St - 15651,2024-05-11,12:40:00,12:49:00,Bendy bus,,,,
Seanny,BART,Yellow,,4182,Y,8,7,Civic Center,12th St,2024-05-11,12:55:00,13:09:00,,,,,
Seanny,BART,Yellow,,3239,Y,8,1,12th St,Civic Center,2024-05-11,15:29:00,15:45:00,,,,,
Seanny,MUNI,9,39,8704,,,,Market St & Hyde St - 15676,11th St & Harrison St - 13239,2024-05-11,15:53:00,16:00:00,,,,,
Seanny,BART,Yellow,,4197,Y,8,7,Civic Center,12th St,2024-05-11,23:35:00,23:50:00,,,,,
Seanny,BART,Yellow,,3227,Y,8,1,12th St,Montgomery,2024-05-14,10:38:00,10:50:00,,,,,
Seanny,BART,Yellow,,4203,Y,8,7,Montgomery,12th St,2024-05-14,17:38:00,17:50:00,,,,,
Seanny,BART,Yellow,,3173,Y,8,1,12th St,Civic Center,2024-05-15,17:37:00,17:53:00,,,,,
Seanny,MUNI,27,78,8733,,,,8th St & Market St - 13209,8th St & Folsom St - 13205,2024-05-15,18:00:00,18:02:00,,,,,
Seanny,BART,Yellow,,4339,Y,8,7,24th St,12th St,2024-05-15,21:02:00,21:22:00,,,,,
Seanny,BART,Yellow,,3099,Y,8,1,12th St,Montgomery,2024-05-16,11:29:00,11:41:00,,,,,
Seanny,BART,Yellow,,4065,Y,8,7,Montgomery,12th St,2024-05-16,,17:19:00,,,,,
Seanny,BART,Red ,,3216,Y,6,1,12th St,Montgomery,2024-05-18,11:19:00,11:31:00,Updated display,,,,
Seanny,BART,Yellow,,4002,Y,8,7,Montgomery,12th St,2024-05-18,12:40:00,12:51:00,,,,,
Seanny,BART,Red ,,4031,Y,6,2,12th St,Powell,2024-05-18,15:19:00,15:33:00,,,,,
Seanny,BART,Red ,,4208,X,6,4,Civic Center,12th St,2024-05-18,21:07:00,21:23:00,,,,,
Seanny,MUNI,27,209,8858,,,,Folsom St & 9th St - 14663,7th St & Market St - 18047,2024-05-18,,20:54:00,,,,,
Seanny,BART,Yellow,,3091,Y,8,1,12th St,Montgomery,2024-05-21,10:37:00,10:50:00,"Train was early, waited till 10:37:00",,,,
Seanny,BART,Blue,,4181,X,6,2,Embarcadero ,Lake Merritt,2024-05-21,17:47:00,17:58:00,,,,,
Seanny,BART,Yellow ,,3053,Y,8,1,12th St,Montgomery,2024-05-22,10:37:00,10:49:00,,,,,
Seanny,BART,Yellow,,4009,Y,8,2,12th St,Montgomery,2024-05-22,21:30:00,21:41:00,,,,,
Seanny,BART,Yellow,,3180,Y,8,1,Montgomery,Powell,2024-05-22,21:54:00,21:55:00,,,,,
Seanny,BART,Red,,4052,X,8,7,Montgomery,12th St,2024-05-22,,17:29:00,,,,,
Seanny,BART,Yellow ,,4322,Y,8,7,Powell,12th St,2024-05-23,0:30:00,0:43:00,,,,,
Seanny,BART,Yellow,,3215,Y,8,1,12th St,Montgomery,2024-05-23,9:37:00,9:50:00,,,,,
Seanny,MUNI,N,104,2024,A,2,1,King St & 2nd St,Embarcadero ,2024-05-23,19:19:00,19:27:00,,,,,
Seanny,MUNI,M,83,2101,B,2,1,Embarcadero ,West Portal Ave & 14th Ave,2024-05-23,19:30:00,19:49:00,,,,,
Seanny,MUNI,M,80,2107,A,2,1,West Portal Ave & 14th Ave,Civic Center,2024-05-23,20:45:00,20:59:00,,,,,
Seanny,BART,Yellow ,,4352,X,8,7,Civic Center,12th St,2024-05-23,21:05:00,21:19:00,,,,,
Seanny,BART,Yellow,,3256,Y,8,1,12th St,Powell,2024-05-27,16:29:00,16:43:00,,,,,
Seanny,BART,Red,,3229,X,6,6,Powell,12th St,2024-05-27,20:49:00,21:03:00,Updated display,,,,
Seanny,BART,Yellow,,3206,Y,8,1,12th St,Embarcadero,2024-05-28,11:43:00,11:56:00,,,,,
Seanny,MUNI,N,14,2088,B,2,2,Embarcadero,King St & 2nd St,2024-05-28,11:59:00,12:06:00,,,,,
Seanny,BART,Blue,,3036,X,6,6,Montgomery,Lake Merritt,2024-05-28,17:26:00,17:39:00,,,,,
Seanny,BART,Yellow,,3248,Y,8,1,12th St,Montgomery,2024-05-29,9:42:00,9:53:00,Departure delayed due to police activity ahead,,,,
Seanny,BART,Yellow,,4093,Y,8,7,Montgomery,12th St,2024-05-29,16:58:00,17:10:00,,,,,
Seanny,BART,Yellow,,3256,Y,8,1,12th St,Powell,2024-05-29,22:32:00,,,,,,
Seanny,BART,Yellow,,4081,X,8,7,Powell,12th St,2024-05-30,0:32:00,0:45:00,,,,,
Seanny,BART,Yellow,,4090,Y,8,2,12th St,Powell,2024-05-30,11:08:00,,Outlet X,2/3 clips broken X,3006 clip racks (1/8),,
Seanny,San Francisco Bay Ferry,,,Dorado,,,,San Francisco Ferry Building - G1,Oakland Terminal,2024-05-30,17:29:00,17:51:00,,,,,
Seanny,BART,Red,,3231,X,6,6,12th St,Embarcadero ,2024-06-01,13:58:00,14:09:00,Train destination: 24th St/Mission,Updated display ,,,
Seanny,MUNI,F,,8861,,,,The Embarcadero & Ferry Building,The Embarcadero & Green St,2024-06-01,15:12:00,15:17:00,Busses ran instead of streetcars ,,,,
Seanny,MUNI,8,,6515,,,,Stockton St & Columbus Ave - 16513,4th St & Market St - 13161,2024-06-01,21:19:00,21:29:00,,,,,
Seanny,BART,Yellow,,4073,Y,8,7,Powell,12th St,2024-06-01,21:40:00,21:53:00,,,,,
Seanny,BART,Red ,,3079,Y,8,1,12th St,Montgomery,2024-06-04,11:39:00,11:51:00,,,,,
Seanny,BART,Yellow,,3243,X,8,8,Montgomery,12th St,2024-06-04,17:29:00,17:41:00,Car 7 doors out of service ,,,,
Seanny,BART,Red,,3277,Y,8,1,12th St,Montgomery,2024-06-05,9:39:00,9:52:00,,,,,
Seanny,MUNI,N,58,2020,A,2,1,King St & 2nd St,Duboce Ave & Church St,2024-06-05,16:27:00,16:48:00,,,,,
Seanny,MUNI,22,416,5717,,,,Fillmore St & Hayes St,Church St & Market St,2024-06-05,17:23:00,17:28:00,,,,,
Seanny,MUNI,N,80,2091,B,2,1,Church,Embarcadero,2024-06-05,17:31:00,17:41:00,Stopped for a while at Powell,,,,
Seanny,BART,Yellow,,4265,X,8,7,Embarcadero,12th St,2024-06-05,19:10:00,19:25:00,,,,,
Seanny,BART,Yellow,,3180,Y,7,1,12th St,Powell,2024-06-05,21:49:00,22:03:00,,,,,
Seanny,BART,Yellow,,3207,Y,8,1,12th St,Montgomery,2024-06-06,9:29:00,,,,,,
Seanny,MUNI,N,51,2089,B,2,2,Embarcadero,King St & 2nd St,2024-06-06,9:49:00,9:58:00,,,,,
Seanny,BART,Yellow ,,4125,X,8,7,Embarcadero,12th St,2024-06-06,,18:50:00,,,,,
Seanny,BART,Red ,,3075,Y,6,1,12th St,Montgomery,2024-06-11,10:39:00,10:52:00,,,,,
Seanny,BART,Yellow,,4184,X,8,7,Montgomery,12th St,2024-06-11,17:18:00,17:30:00,,,,,
Seanny,BART,Yellow,,3189,Y,8,1,12th St,Montgomery,2024-06-12,10:29:00,10:42:00,,,,,
Seanny,BART,Yellow,,4080,Y,8,7,Montgomery,12th St,2024-06-12,15:30:00,17:41:00,,,,,
Seanny,BART,Yellow,,3096,Y,8,1,12th St,Montgomery,2024-06-13,11:16:00,11:29:00,,,,,
Seanny,BART,Yellow,,4181,Y,8,7,Montgomery,12th St,2024-06-13,17:20:00,17:31:00,,,,,
Seanny,BART,Red,,4096,X,6,2,12th St,Powell,2024-06-15,15:59:00,16:13:00,,,,,
Seanny,MUNI,14,410,720,,,,(4th & Mission),Otis & McCoppin,2024-06-15,18:41:00,18:51:00,,,,,
Seanny,MUNI,F,,1015,B,,2,Market St & Laguna St,Market St & Noe St,2024-06-15,19:38:00,19:43:00,Bendy bus,,,,
Seanny,MUNI,M,92,2045,B,2,1,Castro,Embarcadero,2024-06-15,21:50:00,22:00:00,,,,,
Seanny,BART,Yellow,,4090,Y,8,7,Embarcadero,12th St,2024-06-15,22:20:00,22:29:00,,,,,
Seanny,BART,Yellow,,3089,Y,8,1,12th St,Montgomery,2024-06-17,11:37:00,11:49:00,,,,,
Seanny,BART,Green,,3188,X,6,6,Montgomery,Lake Merritt ,2024-06-17,17:13:00,17:27:00,,,,,
Seanny,BART,Yellow,,3228,Y,8,1,12th St,Montgomery,2024-06-18,9:37:00,9:49:00,,,,,
Seanny,BART,Yellow ,,4242,Y,8,7,Powell,12th St,2024-06-18,19:57:00,20:10:00,,,,,
Seanny,BART,Yellow,,3221,Y,8,1,12th St,Montgomery,2024-06-19,10:08:00,10:21:00,,,,,
Seanny,MUNI,7,,6573,,,,Market St & 2nd St - 15639,Haight St & Gough St - 14954,2024-06-19,10:28:00,10:43:00,,,,,
Seanny,MUNI,F,,1058,,,,Market St & Gough St - 15672,17th St & Castro St,2024-06-19,11:30:00,11:41:00,,,,,
Seanny,MUNI,K,32,2048,A,2,1,Castro,Embarcadero ,2024-06-19,12:58:00,13:07:00,,,,,
Seanny,MUNI,F,,1061,,,,The Embarcadero & Ferry Building,Jefferson St & Taylor St,2024-06-19,15:03:00,15:15:00,,,,,
Seanny,MUNI,30,,7246,,,,,,2024-06-19,16:54:00,,,,,,
Seanny,BART,Red,,3106,Y,6,1,Powell,12th St,2024-06-19,19:09:00,,,,,,
Seanny,MUNI,45,30,5847,,,,,,2024-06-19,,19:05:00,,,,,
Seanny,BART,Yellow,,4413,X,8,7,Montgomery,12th St,2024-06-20,19:28:00,19:39:00,,,,,
Seanny,BART,Yellow,,3083,Y,8,1,12th St,Montgomery,2024-06-20,,9:49:00,,,,,
Seanny,AC Transit,20,,1305,,,,11th St & Broadway (12th St BART) - 54777,Otis Dr & Westline Dr - 51531,2024-06-22,12:22:00,,,,,,
Seanny,AC Transit,,,1678,,,,Broadway & 12th St (12th St BART) - 50212,Santa Clara Av & Park St - 59255,2024-06-22,17:45:00,18:18:00,,,,,
Seanny,BART,Yellow,,4385,Y,8,4,12th St,24th St,2024-06-23,12:16:00,12:34:00,,,,,
Seanny,MUNI,S,821,2070,A,2,1,Church,Embarcadero ,2024-06-23,18:11:00,18:19:00,,,,,
Seanny,BART,Yellow,,4302,Y,8,7,Embarcadero ,12th St,2024-06-23,18:40:00,18:59:00,"Long pauses before and at West Oakland, then the train went out of service.",,,,
Seanny,AC Transit,29,,1347,,,,7th St & Mandela Pkwy (West Oakland BART) - 50896,11th St & Franklin St - 53334,2024-06-23,19:18:00,,,,,,
Seanny,BART,Yellow,,3093,X,8,4,24th St,16th St,2024-06-23,,14:45:00,,,,,
Seanny,BART,Yellow,,3233,Y,8,1,12th St,Montgomery,2024-06-24,7:17:00,,,,,,
Seanny,BART,Yellow ,,4125,Y,8,7,Montgomery,12th St,2024-06-24,17:18:00,17:31:00,Arrived at platform 1,,,,
Seanny,BART,Red,,3011,Y,6,1,12th St,Montgomery,2024-06-25,10:39:00,10:20:00,There was no 10:37:00 train!,Updated display ,,,
Seanny,San Francisco Bay Ferry,,,Carina,,,,San Francisco Ferry Building - G1,Oakland Terminal,2024-06-25,16:27:00,16:53:00,,,,,
Seanny,BART,Yellow,,3288,Y,8,1,12th St,Montgomery,2024-06-26,10:09:00,,Departed platform 3,,,,
Seanny,BART,Yellow,,4277,Y,8,7,Montgomery,12th St,2024-06-26,17:38:00,17:50:00,,,,,
Seanny,BART,Yellow,,3207,Y,8,1,12th St,Montgomery,2024-06-27,9:38:00,9:49:00,,,,,
Seanny,BART,Yellow,,4336,X,8,7,Montgomery,12th St,2024-06-27,17:59:00,,,,,,
Seanny,BART,Yellow,,3041,Y,8,1,12th St,Civic Center,2024-06-28,19:30:00,19:45:00,,,,,
Seanny,MUNI,K,77,2102,A,2,1,Castro ,Embarcadero ,2024-06-28,23:24:00,23:34:00,,,,,
Seanny,BART,Yellow ,,4256,Y,8,7,Embarcadero ,12th St,2024-06-28,23:40:00,23:50:00,Updated display ,,,,
Seanny,BART,Red,,4342,Y,6,2,12th St,24th St,2024-06-29,18:19:00,18:39:00,Updated display ,,,,
Seanny,MUNI,49,,7265,,,,Mission St &24th St - 15565,Mission St & 18th St - 15553,2024-06-29,19:40:00,,,,,,
Seanny,MUNI,K,95,2039,A,,,Van Ness,Castro,2024-06-29,20:14:00,20:18:00,,,,,
Seanny,MUNI,K,88,2135,A,2,2,Castro,Van Ness,2024-06-29,22:28:00,22:32:00,,,,,
Seanny,MUNI,14,,7226,,,2,Mission St & 18th St - 15553,Mission St & South Van Ness Ave - 17299,2024-06-29,,20:04:00,,,,,
Seanny,BART,Red,,4399,Y,,,12th art,Embarcadero ,2024-06-30,11:59:00,12:10:00,Updated display ,"High occupancy, but still room to stand near the rear of the car",,,
Seanny,BART,Red,,4314,X,,,Civic Center,12th St,2024-06-30,14:29:00,14:44:00,,,,,
Seanny,BART,,,,,,,12th St,Civic Center,2024-06-30,,,,,,,
Seanny,BART,Yellow,,4125,Y,8,7,Powell,Montgomery,2024-06-30,,,"About 8pm, section of track seems to have lost power?",,,,
Seanny,BART,Yellow,,3005,Y,8,1,12th St,Montgomery,2024-07-02,10:37:00,10:51:00,,,,,
Seanny,BART,Red,,3098,X,6,6,Embarcadero ,12th St,2024-07-02,15:20:00,15:31:00,,,,,
Seanny,MUNI,N,75,2114,B,2,2,Montgomery,Judah St & 23rd Ave,2024-07-02,19:53:00,20:21:00,,,,,
Seanny,BART,Yellow,,3253,Y,8,1,12th St,Montgomery,2024-07-02,,,,,,,
Seanny,BART,Red,,4166,Y,6,3,12th St,24th St,2024-07-06,15:39:00,15:59:00,,,,,
Seanny,BART,Yellow,,3143,Y,8,1,12th St,Montgomery,2024-07-10,10:37:00,10:49:00,,,,,
Seanny,MUNI,N,,2308,B,2,1,King St & 2nd St,Duboce Ave & Church St,2024-07-10,16:18:00,16:40:00,,,,,
Seanny,BART,Yellow,,4221,Y,8,7,Embarcadero ,12th St,2024-07-10,18:30:00,,,,,,
Seanny,BART,Yellow,,3200,Y,8,1,12th St,Embarcadero,2024-07-11,10:37:00,10:47:00,,,,,
Seanny,BART,Yellow,,4229,Y,8,7,Embarcadero ,12th St,2024-07-11,17:25:00,17:34:00,,,,,
Seanny,BART,Yellow,,3115,Y,8,1,12th St,Civic Center,2024-07-15,15:57:00,16:13:00,,,,,
Seanny,BART,Yellow,,4084,X,8,5,Civic Center,12th St,2024-07-15,16:56:00,17:12:00,,,,,
Seanny,BART,Yellow ,,3236,Y,8,1,12th St,Embarcadero,2024-07-17,9:37:00,9:47:00,,,,,
Seanny,MUNI,N,51,2096,B,2,2,Embarcadero ,King St & 2nd St,2024-07-17,9:51:00,9:58:00,,,,,
Seanny,BART,Yellow ,,4242,Y,8,7,Embarcadero ,12th St,2024-07-17,18:11:00,18:20:00,,,,,
Seanny,BART,Yellow,,3257,Y,8,1,12th St,Montgomery,2024-07-18,9:37:00,9:49:00,,,,,
Seanny,BART,Yellow ,,4005,X,8,7,Embarcadero ,12th St,2024-07-18,17:40:00,,,,,,
Seanny,AC Transit,72M,,1508,,,,Broadway & 12th St (12th St BART) - 55222,2nd St & Washington St - 51632,2024-07-21,9:32:00,9:36:00,,,,,
Seanny,AC Transit,72,,1544,,,,2nd St & Washington St - 51632,Broadway & 12th St (12th St BART) - 51111,2024-07-21,11:42:00,11:50:00,,,,,
Seanny,BART,Yellow,,4423,Y,6,2,12th St,Civic Center,2024-07-22,15:59:00,16:17:00,,,,,
Seanny,BART,Blue,,4439,X,,,Powell,Lake Merritt,2024-07-22,,,,,,,
Seanny,BART,Yellow,,3143,Y,8,1,12th St,Montgomery,2024-07-23,9:29:00,9:41:00,,,,,
Seanny,BART,Green,,3080,X,6,6,Montgomery,Lake Merritt,2024-07-23,17:33:00,17:47:00,,,,,
Seanny,BART,Yellow,,3148,Y,8,1,12thbSt,Montgomery,2024-07-24,9:29:00,9:41:00,,,,,
Seanny,BART,Yellow,,4414,Y,8,7,Montgomery,12th St,2024-07-24,,17:13:00,,,,,
Seanny,Aer Lingus,EI 060,,EI-GCF,,,,SFO,DUB,2024-07-26,,,,Airbus A330-302,A333,St Aengus / Oengus,
Seanny,Luas,Red  - Tallaght,,3001,,,,Spencer Dock,Abbey St,2024-07-27,18:56:00,19:03:00,,,,,
Seanny,Luas,Red - The Point,,3005,,,,Jarvis,Spencer Dock,2024-07-27,22:36:00,,,,,,
Seanny,Dublin Bus,C3,,GT 159,,,,397,7859,2024-07-28,11:43:00,11:47:00,,,,,
Seanny,Luas,Green - Broombridge,,5023,,,,West Moreland,O'Connell - GPO,2024-07-28,,15:52:00,,,,,
Seanny,Luas,Red - The Point,,3007,,,,Abbey St,Spencer Dock,2024-07-28,15:59:00,16:07:00,,,,,
Seanny,Luas,Red - Tallaght ,,3001,,,,Spencer Dock,Jarvis,2024-07-28,18:01:00,,,,,,
Seanny,Luas,Red - The Point,,4013,,,,Abbey St,Spencer Dock,2024-07-28,21:54:00,22:01:00,,,,,
Seanny,Luas,Red - The Point,,3017,,,,Busáras,Spencer Dock,2024-07-29,20:45:00,20:49:00,,,,,
Seanny,Irish Rail,,,22409,,,,Bray ,Connolly ,2024-07-29,,,,,,,
Seanny,Luas,Red - Saggart,,3108,,,,Spencer Dock,Abbey St,2024-07-30,9:32:00,,,,,,
Seanny,Luas,Red - The Point,,3013,,,,Abbey St,Spencer Dock,2024-07-30,17:26:00,,,,,,
Seanny,Dublin Bus,G2,,PA 237,,,,7611,1940,2024-07-31,11:03:00,,,,,,
Seanny,Luas,Red - Saggart,,3014,,,,Spencer Dock,Jervis ,2024-08-01,10:51:00,10:59:00,,,,,
Seanny,Luas,Red - Tallaght ,,4010,,,,Jervis ,Smithfield ,2024-08-01,16:08:00,,,,,,
Seanny,Luas,Red - The Point,,3006,,,,Jervis,Spencer Dock,2024-08-01,22:06:00,,,,,,
Seanny,Luas,Red - The Point,,3015,,,,Jervis,Spencer Dock,2024-08-08,21:52:00,22:02:00,,,,,
Seanny,Aer Lingus,EI 061,,EI-GCF,,,,DUB - 12C,SFO,2024-08-09,,,,Airbus A330-302,A333,St Aengus / Oengus,
Seanny,BART,Yellow,,4090,Y,8,7,Civic Center,12th St,2024-08-12,17:56:00,16:11:00,,,,,
Seanny,BART,Yellow,,3212,Y,8,1,12th St,Civic Center,2024-08-12,,16:46:00,,,,,
Seanny,BART,Red,,3020,Y,6,1,12th St,Montgomery,2024-08-13,9:37:00,9:50:00,,,,,
Seanny,BART,Red ,,3125,Y,6,1,Embarcadero ,Civic Center,2024-08-13,17:31:00,17:35:00,,,,,
Seanny,BART,Yellow,,4141,Y,8,7,Civic Center,12th St,2024-08-13,17:38:00,17:54:00,,,,,
Seanny,AC Transit,12,,8028,,,,Broadway & 12th St (12th St BART) - 55222,Embarcadero W & Broadway - 53441,2024-08-13,18:40:00,18:44:00,,,,,
Seanny,AC Transit,,,1528,,,,Broadway & 3rd St - 59293,Broadway & 12th St - 51111,2024-08-13,20:24:00,,,,,,
Seanny,BART,Red,,3098,Y,6,1,12th St,Embarcadero ,2024-08-14,9:17:00,,,,,,
Seanny,MUNI,N,,1532,B,2,2,Embarcadero ,King St & 2nd St,2024-08-14,9:42:00,,,,,,
Seanny,BART,Yellow,,4247,Y,8,7,Embarcadero,12th St,2024-08-14,,18:31:00,,,,,
Seanny,BART,Red,,3126,Y,6,1,12th St,Montgomery,2024-08-15,9:35:00,9:48:00,,,,,
Seanny,BART,Yellow ,,4063,Y,8,7,Embarcadero ,12th St,2024-08-15,17:50:00,18:04:00,Long pause between West Oakland and 12th St,,,,
Seanny,BART,Yellow,,3201,Y,8,1,12th St,Powell,2024-08-17,11:36:00,11:50:00,,,,,
Seanny,MUNI,M,,2041,B,2,1,Powell,Castro,2024-08-17,15:49:00,15:57:00,,,,,
Seanny,MUNI,CA,,52,,,,California St & Drumm St,California St & Jones St,2024-08-17,17:48:00,,,,,,
Seanny,BART,Yellow,,3276,Y,8,1,12th St,Embarcadero ,2024-08-18,,17:26:00,,,,,
Seanny,BART,Yellow,,3065,Y,8,1,12th St,Montgomery,2024-08-21,9:42:00,9:54:00,,,,,
Seanny,BART,Yellow,,4379,Y,8,7,Montgomery,12th St,2024-08-21,17:37:00,17:52:00,,,,,
Seanny,BART,Red,,3109,Y,6,1,12th St,Montgomery,2024-08-22,9:39:00,9:52:00,,,,,
Seanny,BART,Red,,4359,X,8,7,Civic Center,12th St,2024-08-22,17:24:00,,,,,,
Seanny,BART,Yellow ,,4242,X,8,3,12th St,Civic Center,2024-08-25,20:51:00,21:07:00,,,,,
Seanny,BART,Yellow,,3276,Y,8,1,12th St,Montgomery,2024-08-27,9:36:00,9:49:00,,,,,
Seanny,BART,Red,,4302,X,8,7,24th St,12th St,2024-08-27,17:22:00,17:42:00,Dancer with speaker between Embarcadero and West Oakland ,,,,
Seanny,BART,Yellow,,3228,Y,8,1,12th St,Montgomery,2024-08-28,10:10:00,10:22:00,,,,,
Seanny,MUNI,N,58,2036,A,2,1,King St & 2nd St,Van Ness,2024-08-28,16:32:00,16:49:00,,,,,
Seanny,MUNI,J,91,2027,A,1,1,Van Ness,Powell,2024-08-28,17:48:00,17:51:00,,,,,
Seanny,BART,Red,,4294,Y,8,6,Montgomery,12th St,2024-08-28,20:15:00,20:29:00,,,,,
Seanny,BART,Red,,3170,Y,6,1,12th St,Embarcadero ,2024-08-29,9:17:00,9:29:00,,,,,
Seanny,MUNI,N,14,2025,A,2,2,Embarcadero ,King St & 2nd St,2024-08-29,9:30:00,9:40:00,,,,,
Seanny,BART,Red ,,3209,X,6,6,Embarcadero,Lake Merritt,2024-08-29,18:06:00,18:18:00,,,,,
Seanny,BART,Yellow,,3225,Y,8,1,12th St,Civic Center,2024-09-01,17:55:00,18:10:00,,,,,
Seanny,BART,Yellow,,4069,Y,8,7,Powell,12th St,2024-09-01,22:39:00,22:52:00,,,,,
Seanny,BART,Red,,3099,Y,6,1,12th St,Montgomery,2024-09-03,9:37:00,9:50:00,,,,,
Seanny,BART,Blue,,4159,X,8,7,Embarcadero,West Oakland,2024-09-03,17:07:00,17:13:00,,,,,
Seanny,BART,Yellow,,3288,Y,8,1,12th St,Montgomery,2024-09-04,10:50:00,11:03:00,,,,,
Seanny,BART,Yellow,,4013,X,8,7,Civic Center,12th St,2024-09-04,17:37:00,,,,,,
Seanny,BART,Red ,,3154,Y,6,1,12th St,Montgomery,2024-09-05,9:39:00,9:52:00,,,,,
Seanny,San Francisco Bay Ferry,,,Carina,,,,San Francisco Ferry Building - G1,Oakland Terminal,2024-09-05,17:34:00,,,,,,
Seanny,BART,Red,,3108,Y,6,1,12th St,Montgomery,2024-09-11,9:37:00,9:50:00,,,,,
Seanny,BART,Red,,3187,X,6,6,16th St,12th St,2024-09-11,17:42:00,18:03:00,,,,,
Seanny,BART,Yellow,,3135,Y,8,1,12th St,Embarcadero ,2024-09-12,10:42:00,,,,,,
Seanny,BART,Red,,4070,X,8,7,Montgomery,12th St,2024-09-12,17:07:00,17:24:00,Outlet X,,,,
Seanny,BART,Red,,4123,X,6,4,12th St,Powell,2024-09-13,18:18:00,18:32:00,,,,,
Seanny,BART,Yellow,,4057,X,8,6,Powell,12th St,2024-09-13,21:22:00,21:35:00,,,,,
Seanny,BART,Orange,,4155,X,6,2,19th St,12th St,2024-09-16,13:50:00,13:51:00,,,,,
Seanny,BART,Yellow,,3243,Y,8,1,12th St,Embarcadero,2024-09-17,9:42:00,9:53:00,,,,,
Seanny,BART,Red,,4028,X,8,7,Embarcadero,12th St,2024-09-17,18:09:00,18:20:00,,,,,
Seanny,BART,Yellow,,4378,Y,8,2,12th St,Embarcadero ,2024-09-18,9:32:00,9:43:00,,,,,
Seanny,BART,Yellow,,4001,Y,8,7,16th St,12th St,2024-09-18,17:34:00,17:52:00,,,,,
Seanny,BART,Yellow,,3207,Y,8,1,12th St,Montgomery,2024-09-19,10:50:00,11:03:00,,,,,
Seanny,San Francisco Bay Ferry,,,Carina,,,,San Francisco Ferry Building - G1,Oakland Terminal,2024-09-19,16:27:00,,,,,,
Seanny,BART,Yellow,,4245,Y,8,2,12th St,24th St,2024-09-21,13:14:00,13:33:00,,,,,
Seanny,BART,Yellow,,3173,Y,8,1,12th St,Montgomery,2024-09-24,9:29:00,9:42:00,,,,,
Seanny,BART,Red,,3051,X,6,6,Montgomery,12th St,2024-09-24,17:08:00,17:28:00,,,,,
Seanny,BART,Red,,3046,Y,6,1,12th St,Montgomery,2024-09-25,11:17:00,11:30:00,Station display over door at Y end not working,,,,
Seanny,BART,Yellow,,4066,X,8,7,16th St,12th St,2024-09-25,17:33:00,17:53:00,,,,,
Seanny,BART,Yellow,,3225,Y,8,1,12th St,Montgomery,2024-09-26,10:30:00,,,,,,
Seanny,BART,Blue,,3364,X,6,6,Montgomery,Lake Merritt,2024-09-26,15:44:00,15:59:00,,,,,
Seanny,BART,Yellow,,3210,Y,8,1,12th St,Montgomery,2024-09-27,17:39:00,17:52:00,,,,,
Seanny,MUNI,S,36,1488,A,2,2,Montgomery,Castro,2024-09-27,17:55:00,18:05:00,,,,,
Seanny,BART,Red,,4265,Y,6,3,Civic Center,12th St,2024-09-28,15:47:00,16:02:00,,,,,
Seanny,BART,Red,,3230,Y,6,1,12th St,Civic Center,2024-09-28,17:00:00,17:17:00,,,,,
Seanny,MUNI,49,449,7255,,,,Van Ness Ave & Mcallister St - 18089,Van Ness Ave & Bush St - 18092,2024-09-28,17:35:00,,,,,,
Seanny,BART,Yellow,,3162,Y,8,1,12th St,Embarcadero,2024-09-29,9:57:00,10:05:00,,,,,
Seanny,MUNI,N,,2005,A,2,2,Embarcadero,Van Ness,2024-09-29,10:08:00,10:15:00,,,,,
Seanny,MUNI,49,362,7238,,,,South Van Ness Ave & Market St - 18088,Van Ness & Bush St - 18092,2024-09-29,10:23:00,10:29:00,,,,,
Seanny,MUNI,M,40,2077,A,2,1,Van Ness,Montgomery,2024-09-29,14:58:00,15:02:00,,,,,
Seanny,BART,Red,,3283,X,6,6,Montgomery,12th St,2024-09-29,15:07:00,15:20:00,,,,,
Seanny,MUNI,49,406,7275,,,,Van Ness Ave & Sutter St,Otis St & 12th St,2024-09-29,15:59:00,13:08:00,,,,,
Seanny,BART,Red,,3283,Y,6,1,12th St,Montgomery,2024-10-02,10:19:00,,,,,,
Seanny,BART,Yellow ,,4078,X,8,7,Montgomery,12th St,2024-10-02,17:26:00,17:39:00,,,,,
Seanny,BART,Yellow,,3175,Y,8,1,12th St,Montgomery,2024-10-03,9:42:00,9:56:00,,,,,
Seanny,BART,Green,,3271,X,6,6,Montgomery,Lake Merritt,2024-10-03,17:14:00,17:28:00,,,,,
Seanny,BART,Yellow ,,4128,X,8,3,12th St,16th St,2024-10-04,16:22:00,16:40:00,,,,,
Seanny,MUNI,L,66,2053,B,2,2,Civic Center,Embarcadero,2024-10-04,17:26:00,17:30:00,,,,,
Seanny,BART,Green,,3272,X,6,6,Embarcadero,Lake Merritt ,2024-10-04,17:42:00,17:55:00,,,,,
Seanny,BART,Red,,3170,Y,6,1,12th St,Montgomery,2024-10-08,11:38:00,11:51:00,,,,,
Seanny,BART,Red,,4262,Y,8,7,Montgomery,12th St,2024-10-08,17:27:00,17:42:00,,,,,
Seanny,BART,Red ,,3097,Y,6,1,12th St,Montgomery,2024-10-09,9:37:00,9:50:00,,,,,
Seanny,BART,Red,,3195,X,6,6,16th St,12th St,2024-10-09,17:41:00,18:01:00,,,,,
Seanny,BART,Red,,3170,Y,6,1,12th St,Montgomery,2024-10-10,9:36:00,9:49:00,,,,,
Seanny,BART,Red,,3003,X,6,6,Montgomery,12th St,2024-10-10,16:27:00,16:41:00,,,,,
Seanny,BART,Yellow ,,4390,X,8,7,Civic Center,12th St,2024-10-13,21:56:00,22:11:00,,,,,
Seanny,BART,Yellow,,3148,Y,8,1,12th St,Montgomery,2024-10-15,10:35:00,10:51:00,"Three buskers did their dance thing in the lead car after departing West Oakland. The train operator stopped the train, came out, and told them to leave because he couldn't hear the radio. They argued with him but did eventually leave. The operator returned to the cab and started the train again. He spoke over the loudspeaker and said that if if anyone in any other car heard loud music being played to contact the operator and he'd have BART police come handle the matter. As we arrived at Embarcadero, he announced that he actually call the BART police ",,,,
Seanny,BART,Yellow,,4247,X,8,7,Montgomery,12th St,2024-10-15,17:01:00,17:13:00,,,,,
Seanny,BART,Yellow,,3168,Y,8,1,12th St,Embarcadero,2024-10-16,11:16:00,11:27:00,,,,,
Seanny,BART,Green,,3001,X,6,6,16th St,Lake Merritt,2024-10-16,18:08:00,18:28:00,,,,,
Seanny,BART,Red,,4173,X,6,5,Civic Center,12th St,2024-10-16,,18:23:00,,,,,
Seanny,BART,Yellow ,,3030,Y,8,1,12th St,Montgomery,2024-10-17,11:04:00,11:16:00,,,,,
Seanny,BART,Green,,3073,X,,,Montgomery,Lake Merritt,2024-10-17,16:32:00,16:46:00,,,,,
Seanny,BART,Yellow ,,3137,Y,8,1,12th St,Powell,2024-10-19,11:52:00,12:06:00,,,,,
Seanny,MUNI,K,46,2016,B,2,2,Powell,Church,2024-10-19,12:42:00,12:47:00,,,,,
Seanny,MUNI,22,404,5714,,,,Church St & Duboce Ave - 17074,Fillmore St & Oak St - 14613,2024-10-19,13:04:00,13:09:00,,,,,
Seanny,MUNI,22,399,5738,,,,Fillmore St & Haight St,Church St & Market St,2024-10-19,15:46:00,15:50:00,,,,,
Seanny,MUNI,L,45,1484,A,2,2,Church,Castro,2024-10-19,15:52:00,15:54:00,,,,,
Seanny,MUNI,L,121,2022,A,2,1,Castro,Civic Center,2024-10-19,16:33:00,16:38:00,,,,,
Seanny,MUNI,19,,,,,,8th St & Market St -,,2024-10-19,,,,,,,
Seanny,AC Transit,88,,1578,,,,11th St & Harrison St,Madison St & 9th St,2024-10-21,9:32:00,,,,,,
Seanny,Alaska,AS 3357,,N178SY,,,,SFO - B10,SAN - 2-26,2024-10-21,,,Sky West,Embraer E175LR,E75L,,
Seanny,AirTrain SFO,Blue,,,,,,Terminal 1,Garage G BART,2024-10-24,15:53:00,16:00:00,,,,,
Seanny,BART,Yellow,,4476,X,8,3,SFO,12th St,2024-10-24,16:09:00,16:51:00,,,,,
Seanny,Alaska,AS 3478,,N176SY,,,,SAN - 33,SFO - B15,2024-10-24,,,Sky West,Embraer E175LR,E75L,,
Seanny,BART,Yellow ,,3234,Y,8,1,12th St,Embarcadero,2024-10-29,7:57:00,8:09:00,,,,,
Seanny,MUNI,43,655,8960,,,,Marina Blvd & Laguna St,Lombard St & Pierce St,2024-10-29,15:05:00,15:10:00,,,,,
Seanny,MUNI,43,682,8771,,,,Lombard St & Pierce St,Marina Blvd & Laguna St,2024-10-29,17:14:00,17:21:00,,,,,
Seanny,BART,Yellow,,4363,X,8,6,12th St,Embarcadero ,2024-10-30,8:07:00,8:18:00,,,,,
Seanny,MUNI,F,,1006,B,,,Market St & Gough St,Market St & 8th St,2024-10-30,17:38:00,17:44:00,,,,,
Seanny,BART,Yellow,,4453,X,8,7,Civic Center,12th St,2024-10-30,17:56:00,18:11:00,,,,,
Seanny,BART,Yellow,,3276,Y,8,1,12th St,Montgomery,2024-10-31,9:29:00,9:42:00,,,,,
Seanny,BART,Red,,3034,X,6,6,Montgomery,12th St,2024-10-31,16:32:00,16:45:00,,,,,
Seanny,BART,Yellow,,3129,Y,8,1,12th St,Civic Center,2024-11-01,21:59:00,22:15:00,,,,,
Seanny,BART,Yellow,,3233,Y,8,1,12th St,Montgomery,2024-11-03,15:10:00,15:23:00,,,,,
Seanny,MUNI,8,290,6579,,,,Kearny St & Geary St - 14822,Columbus Ave & Green St -,2024-11-03,15:34:00,15:45:00,,,,,
Seanny,BART,Yellow,,3267,Y,8,1,12th St,Montgomery,2024-11-05,9:16:00,9:28:00,,,,,
Seanny,BART,Red,,4114,Y,8,7,Montgomery,12th St,2024-11-05,17:10:00,17:23:00,,,,,
Seanny,BART,Yellow ,,3233,Y,8,1,12th St,Montgomery,2024-11-06,10:10:00,10:23:00,,,,,
Seanny,BART,Red,,3057,X,6,6,16th St,12th St,2024-11-06,17:41:00,18:02:00,Updated display,,,,
Seanny,BART,Yellow,,3177,Y,8,1,12th St,Montgomery,2024-11-07,8:23:00,8:36:00,Outlet in X end,,,,
Seanny,BART,Yellow ,,4485,Y,8,7,Montgomery,12th St,2024-11-07,16:29:00,16:42:00,,,,,
Seanny,BART,Yellow,,4079,Y,8,3,12th St,Civic Center,2024-11-09,12:50:00,13:05:00,,,,,
Seanny,Golden Gate Transit,130,1510,1958,,,,Larkin St & Grove St,Lombard St & Fillmore St,2024-11-09,13:27:00,,,,,,
Seanny,MUNI,30,392,7274,,,,Chestnut St & Fillmore St,Stockton St & Columbus Ave,2024-11-09,14:22:00,14:37:00,Last stop announced as Stockton & Green,,,,
Seanny,MUNI,T,108,2062,B,2,2,Chinatown,Union Square,2024-11-09,17:20:00,17:21:00,,,,,
Seanny,MUNI,L,75,2012,A,2,2,Powell,Church,2024-11-09,17:37:00,17:39:00,,,,,
Seanny,BART,Yellow ,,3068,Y,8,1,12th St,Montgomery,2024-11-12,9:30:00,9:43:00,Outlet in X end,,,,
Seanny,BART,Yellow,,4016,X,8,7,Montgomery,12th St,2024-11-12,17:19:00,17:31:00,,,,,
Seanny,BART,Red,,3061,Y,6,1,12th St,Montgomery,2024-11-13,9:37:00,9:50:00,,,,,
Seanny,MUNI,N,99,2013,A,2,1,King St & 2nd St,Civic Center,2024-11-13,17:57:00,18:15:00,,,,,
Seanny,BART,Yellow,,3063,Y,8,1,12th St,Embarcadero ,2024-11-14,9:21:00,9:32:00,,,,,
Seanny,MUNI,N,61,2108,B,2,2,Embarcadero ,King St & 2nd St,2024-11-14,9:47:00,9:54:00,,,,,
Seanny,BART,Red,,3092,X,6,6,Montgomery,12th St,2024-11-14,16:51:00,17:04:00,Outlet in X end,,,,
Seanny,BART,Red,,3105,Y,6,1,Embarcadero ,16th St,2024-11-19,12:11:00,12:32:00,Older black guy with backpack and walking stick came into the car from #2 just before West Oakland and started ranting about being mistreated by foreigners. He got off at Powell.,Stopped at Powell for several minutes while BART police looked for the guy and checked that no one had been hurt. Resumed at 12:29:00.,,,
Seanny,MUNI,22,385,5738,,,,16th St & Mission St - 200821,Fillmore St & Oak St - 14631,2024-11-19,12:37:00,12:51:00,"Very full - standing-room only, and jockeying at every stop",,,,
Seanny,MUNI,22,401,5712,,,,Fillmore St & Oak St - 14632,Church St & Market St - ,2024-11-19,13:38:00,13:42:00,,,,,
Seanny,MUNI,K,83,2141,B,2,1,Church,Embarcadero ,2024-11-19,14:17:00,14:25:00,,,,,
Seanny,MUNI,N,18,2034,B,2,2,Embarcadero ,King St & 2nd St,2024-11-19,14:30:00,14:37:00,,,,,
Seanny,MUNI,N,76,2119,A,2,1,King St & 2nd St,Montgomery,2024-11-19,17:00:00,17:09:00,,,,,
Seanny,BART,Yellow,,4160,Y,8,7,Montgomery,12th St,2024-11-19,17:13:00,17:27:00,,,,,
Seanny,BART,Red ,,3271,Y,6,1,12th St,Embarcadero ,2024-11-20,9:47:00,,,,,,
Seanny,MUNI,N,,2088,B,2,2,Embarcadero ,King St & 2nd St,2024-11-20,10:05:00,10:12:00,,,,,
Seanny,MUNI,N,70,2117,A,2,1,King St & 2nd St,Van Ness,2024-11-20,16:27:00,16:42:00,,,,,
Seanny,MUNI,N,77,2112,A,2,1,Van Ness,Civic Center,2024-11-20,17:40:00,17:41:00,,,,,
Seanny,BART,Yellow ,,4055,Y,8,2,Civic Center,12th St,2024-11-20,17:44:00,17:58:00,Station display at Y end out,,,,
Seanny,BART,Yellow,,4160,X,8,2,12th St,Embarcadero ,2024-11-21,9:32:00,9:43:00,Down escalator at NE corner of 11th & Broadway blocked off.,,,,
Seanny,MUNI,N,61,2057,B,2,2,Embarcadero ,King St & 2nd St,2024-11-21,9:51:00,10:00:00,,,,,
Seanny,MUNI,N,70,2090,B,2,1,King St & 2nd St,Embarcadero ,2024-11-21,16:27:00,16:36:00,Stop display skipped this train,,,,
Seanny,BART,Yellow,,4257,X,8,7,Embarcadero ,12th St,2024-11-21,16:39:00,16:53:00,,,,,
Seanny,BART,Yellow,,3032,Y,8,2,12th St,Embarcadero ,2024-11-22,9:32:00,9:49:00,Stopped in the tunnel between 12th St and West Oakland for several minutes.,Outlet in X end,Orange Beryessa train preceding headway sign was out.,,
Seanny,MUNI,N,29,2007,B,2,2,Embarcadero ,King St & 2nd St,2024-11-22,9:54:00,10:00:00,,,,,
Seanny,MUNI,N,99,2101,A,2,1,King St & 2nd St,Embarcadero ,2024-11-22,15:38:00,15:53:00,,,,,
Seanny,BART,Red,,3202,X,6,6,Embarcadero ,12th St,2024-11-22,16:01:00,16:14:00,"Some alert sound going off in the car except when there was an announcement. It was two consecutive tones, high and low, a third apart, with a very short pause between.",,,,
Seanny,BART,Orange,,3238,Y,6,1,12th St,Hayward,2024-11-24,14:34:00,14:56:00,,,,,
Seanny,BART,Yellow,,3265,Y,8,1,12th St,Embarcadero ,2024-11-25,10:31:00,10:43:00,,,,,
Seanny,MUNI,N,2,2094,A,2,2,Embarcadero ,King St & 2nd St,2024-11-25,10:50:00,10:57:00,,,,,
Seanny,MUNI,N,,2036,A,2,1,King St & 2nd St,Powell,2024-11-25,16:59:00,17:10:00,,,,,
Seanny,BART,Yellow,,4016,X,8,7,Powell,12th St,2024-11-25,17:16:00,17:29:00,,,,,
Seanny,BART,Red ,,4403,X,6,2,12th St,Embarcadero ,2024-11-26,9:25:00,9:42:00,,,,,
Seanny,MUNI,N,41,2120,B,2,2,Embarcadero ,King St & 2nd St,2024-11-26,9:54:00,10:02:00,,,,,
Seanny,MUNI,N,94,2037,B,2,1,King St & 2nd St,Civic Center,2024-11-26,17:37:00,17:52:00,,,,,
Seanny,BART,Yellow,,4204,Y,8,7,Civic Center,12th St,2024-11-26,17:56:00,18:11:00,Turf dancer,,,,
Seanny,Southwest,WN 1413,,N8676A,,,,OAK - 20,PHX - C8,2024-11-27,,,Pushback: 11:50:00,Takeoff: 11:56:00,Touchdown: 14:24:00,At gate: 14:28:00,
Seanny,Phoenix Sky Harbor International Airport,PHX Sky Train,,7,,3,3,Terminal 4 Station,Rental Car Station,2024-11-27,,15:14:00,,,,,
Seanny,Valley Metro,Valley Metro Rail,,204,A,2,1,19th Ave/Camelback,Van Buren/1st St,2024-11-30,12:35:00,12:53:00,,,,,
Seanny,Valley Metro,Valley Metro Rail,,113,B,2,2,Van Buren/1st Ave,Mill Ave/3rd St,2024-11-30,14:09:00,14:41:00,,,,,
Seanny,Valley Metro,Valley Metro Streetcar,,183,B,,,3rd St/Ash Ave,Dorsey/Apache Blvd,2024-11-30,15:05:00,15:19:00,,,,,
Seanny,Valley Metro,Valley Metro Rail,,206,A,2,1,Dorsey/Apache Blvd,Mill Ave/3rd St,2024-11-30,15:36:00,15:46:00,,,,,
Seanny,Valley Metro,Valley Metro Rail,,132,A,2,2,Mill Ave/3rd St,19th Ave/Camelback,2024-11-30,16:15:00,17:05:00,Announcement volume too loud,,,,
Seanny,Valley Metro,PHX Sky Train,,34,,3,1,Rental Car Station,Terminal 4 Station,2024-12-03,12:27:00,12:36:00,,,,,
Seanny,Southwest,WN 2284,,N222WN,,,,PHX - D3,OAK - 21,2024-12-03,,,Pushback: 14:38:00,Takeoff: 14:48:00,Touchdown: 15:23:00,Gate: 15:28:00,
Seanny,BART,Red,,3082,Y,6,1,12th St,Montgomery,2024-12-04,9:38:00,9:55:00,Number plate missing at Y end,,,,
Seanny,BART,Yellow,,,Y,8,7,16th St,12th St,2024-12-04,17:53:00,18:11:00,,,,,
Seanny,BART,Yellow,,3017,Y,8,1,12th St,Montgomery,2024-12-05,9:32:00,9:45:00,,,,,
Seanny,BART,Yellow,,4058,X,8,7,Montgomery,12th St,2024-12-05,16:46:00,16:58:00,,,,,
Seanny,BART,Yellow,,,,8,1,12th St,Montgomery,2024-12-06,,9:47:00,,,,,
Seanny,BART,Yellow,,4058,X,8,7,Montgomery,12th St,2024-12-06,17:19:00,17:31:00,,,,,
Seanny,BART,Yellow,,3086,Y,8,1,12th St,Montgomery,2024-12-09,9:31:00,9:45:00,,,,,
Seanny,BART,Yellow ,,4033,X,8,7,Montgomery,12th St,2024-12-09,16:39:00,16:52:00,,,,,
Seanny,BART,Yellow,,3138,Y,8,1,12th St,Montgomery,2024-12-10,,9:43:00,,,,,
Seanny,MUNI,N,50,2093,B,2,1,King St & 2nd St,Embarcadero ,2024-12-10,17:28:00,17:36:00,,,,,
Seanny,BART,Yellow ,,4477,X,8,7,Embarcadero ,12th St,2024-12-10,17:42:00,17:53:00,,,,,
Seanny,BART,Yellow,,3162,Y,8,1,12th St,Embarcadero ,2024-12-11,9:34:00,9:46:00,,,,,
Seanny,MUNI,N,61,1542,B,2,2,Embarcadero ,King St & 2nd St,2024-12-11,9:54:00,10:00:00,,,,,
Seanny,MUNI,F,,1842,,,,Market St & Guerrero St - 15675,Market St & 4th St - 15643,2024-12-11,18:42:00,,,,,,
Seanny,BART,Red,,3122,X,6,1,Powell,12th St,2024-12-11,,20:44:00,,,,,
Seanny,BART,Orange,,3216,Y,6,1,12th St,Lake Merritt ,2024-12-12,8:53:00,8:56:00,,,,,
Seanny,BART,Green,,4230,Y,6,2,Lake Merritt,Embarcadero ,2024-12-12,9:11:00,9:24:00,,,,,
Seanny,MUNI,N,18,2105,B,2,2,Embarcadero ,King St & 2nd St,2024-12-12,9:31:00,9:38:00,,,,,
Seanny,MUNI,N,121,2016,A,2,1,King St & 2nd St - 15237,Powell,2024-12-12,16:46:00,17:01:00,,,,,
Seanny,BART,Yellow,,4260,X,8,7,Powell,12th St,2024-12-12,17:07:00,17:21:00,,,,,
Seanny,BART,Yellow,,3190,Y,8,1,12th St,Embarcadero ,2024-12-13,10:00:00,10:12:00,,,,,
Seanny,MUNI,N,34,2115,B,2,2,Embarcadero ,King St & 2nd St,2024-12-13,10:15:00,10:22:00,,,,,
Seanny,MUNI,N,87,2144,A,2,1,King St & 2nd St,Embarcadero ,2024-12-13,17:10:00,17:18:00,,,,,
Seanny,BART,Yellow,,4260,X,8,7,Embarcadero ,12th St,2024-12-13,17:23:00,17:35:00,,,,,
Seanny,BART,Yellow,,4467,Y,8,2,12th St,Balboa Park,2024-12-15,12:55:00,13:20:00,Three different young men (including myself) with nail polish on the train car!,,,,
Seanny,MUNI,8,,6609,,,,Geneva Ave/Balboa Park BART - 14805,Santos St & Geneva Ave,2024-12-15,13:26:00,13:36:00,,,,,
Seanny,MUNI,8,271,6596,,,,Geneva Ave & Santos St,Geneva Ave & Mission St,2024-12-15,18:18:00,18:25:00,,,,,
Seanny,MUNI,8,303,6520,,,,Geneva Ave & Mission St - 14886,Geneva Ave/Balboa Park Station - 14803,2024-12-15,19:34:00,19:39:00,,,,,
Seanny,BART,Yellow,,4351,X,8,7,Balboa Park,12th St,2024-12-15,19:47:00,20:11:00,,,,,
Seanny,BART,Yellow,,3160,Y,8,1,12th St,Embarcadero ,2024-12-17,9:27:00,9:40:00,,,,,
Seanny,MUNI,N,61,1486,B,2,2,Embarcadero ,King St & 2nd St,2024-12-17,9:51:00,9:59:00,,,,,
Seanny,MUNI,N,70,2014,A,2,2,King St & 2nd St,Embarcadero ,2024-12-17,16:28:00,16:36:00,,,,,
Seanny,BART,Yellow,,4047,Y,8,7,Embarcadero ,12th St,2024-12-17,16:42:00,16:53:00,,,,,
Seanny,BART,Red ,,4041,X,6,2,12th St,Embarcadero ,2024-12-18,,9:59:00,"First car stank REALLY bad, possibly someone sitting in their own old refuse.","Stayed at the station for a few minutes, even with a yellow train right behind.",,,
Seanny,MUNI,N,28,2094,A,2,2,Embarcadero ,King St & 2nd St,2024-12-18,10:06:00,10:12:00,,,,,
Seanny,MUNI,N,78,2074,B,2,2,King St & 2nd St,Civic Center,2024-12-18,17:20:00,17:34:00,,,,,
Seanny,BART,Yellow,,4277,Y,8,6,Civic Center,12th St,2024-12-18,17:38:00,17:54:00,,,,,
Seanny,BART,Yellow,,4035,X,8,6,12th St,Embarcadero ,2024-12-19,10:31:00,10:43:00,,,,,
Seanny,MUNI,N,2,2121,A,2,2,Embarcadero ,King St & 2nd St,2024-12-19,10:50:00,10:57:00,,,,,
Seanny,MUNI,N,87,1493,A,2,1,King St & 2nd St,Civic Center,2024-12-19,17:09:00,17:28:00,,,,,
Seanny,BART,Yellow,,4511,X,8,5,Civic Center,12th St,2024-12-19,17:31:00,17:46:00,,,,,
Seanny,BART,Yellow ,,4457,X,8,2,12th St,Embarcadero ,2024-12-20,,17:45:00,,,,,
Seanny,MUNI,F,,1058,,,,Market St & Main St,The Embarcadero & Bay St,2024-12-20,17:50:00,18:01:00,,,,,
Seanny,MUNI,F,,1050,,,,The Embarcadero & Sansome St,Market St & Drumm St,2024-12-20,20:20:00,,,,,,
Seanny,MUNI,L,112,2099,A,2,2,Embarcadero ,Castro,2024-12-20,,20:46:00,,,,,
Seanny,MUNI,M,84,1539,A,2,1,Castro ,Civic Center,2024-12-20,21:46:00,21:51:00,,,,,
Seanny,BART,Yellow,,4402,Y,8,7,Civic Center,12th St,2024-12-20,21:59:00,22:14:00,,,,,
Seanny,BART,Yellow,,4513,X,8,3,12th St,24th St,2024-12-21,15:11:00,15:31:00,,,,,
Seanny,MUNI,12,672,8918,,,,Folsom St & 24th St - 14677,Folsom St & 9th St - 14663,2024-12-21,16:57:00,17:08:00,,,,,
Seanny,BART,Red,,4100,Y,6,3,12th St,Civic Center,2024-12-22,17:17:00,17:33:00,,,,,
Seanny,MUNI,9,491,6712,,,,Market St & 9th St,Market St & 4th St,2024-12-22,21:07:00,21:13:00,,,,,
Seanny,BART,Yellow,,4520,X,8,7,Powell,12th St,2024-12-22,22:03:00,22:16:00,,,,,
Seanny,BART,Red,,4261,Y,6,3,12th St,Embarcadero ,2024-12-23,9:22:00,9:33:00,,,,,
Seanny,MUNI,N,21,2113,A,2,2,Embarcadero ,King St & 2nd St,2024-12-23,9:37:00,9:44:00,,,,,
Seanny,MUNI,N,70,2061,A,2,1,King St & 2nd St,Van Ness,2024-12-23,16:27:00,16:45:00,,,,,
Seanny,MUNI,N,,2038,A,2,2,Van Ness,Civic Center,2024-12-23,17:39:00,17:40:00,,,,,
Seanny,BART,Red,,3230,X,6,6,Civic Center,12th St,2024-12-23,17:57:00,18:14:00,,,,,
Seanny,BART,Yellow,,3240,Y,8,1,12th St,Powell,2024-12-25,13:35:00,13:49:00,,,,,
Seanny,MUNI,L,38,2034,A,1,1,Powell,Embarcadero ,2024-12-25,14:12:00,14:14:00,,,,,
Seanny,MUNI,CA,,53,2,,,Van Ness & California,California St & Mason St,2024-12-25,14:55:00,15:05:00,,,,,
Seanny,MUNI,8,XMAS,6547,,,,Stockton St & Sacramento St - 16522,4th St & Market St - 13161,2024-12-25,17:14:00,17:21:00,,,,,
Seanny,BART,Red,,4302,Y,6,2,Powell,12th St,2024-12-25,17:25:00,17:41:00,,,,,
Seanny,BART,Red ,,4026,Y,6,2,12th St,Embarcadero ,2024-12-28,10:40:00,10:51:00,,,,,
Seanny,BART,Yellow,,3143,Y,8,5,Powell,12th St,2024-12-28,13:57:00,14:11:00,,,,,
Seanny,BART,Red ,,3216,Y,6,1,12th St,Embarcadero ,2024-12-30,10:18:00,10:29:00,,,,,
Seanny,MUNI,N,41,2144,A,2,2,Embarcadero ,King St & 2nd St,2024-12-30,10:39:00,10:45:00,,,,,
Seanny,MUNI,N,76,2105,B,2,1,King St & 2nd St,Van Ness,2024-12-30,14:28:00,14:44:00,,,,,
Seanny,MUNI,F,,1061,,,,Market St & Gough St - 15673,Market St & 8th St - 15651,2024-12-30,15:42:00,15:49:00,,,,,
Seanny,BART,Yellow,,4193,Y,8,7,Civic Center,12th St,2024-12-30,15:56:00,16:11:00,,,,,
Seanny,BART,Yellow,,3166,Y,8,1,12th St,Civic Center,2024-12-31,13:12:00,13:28:00,,,,,
Seanny,MUNI,J,23,2909,B,1,1,Civic Center,Montgomery,2024-12-31,14:14:00,14:17:00,,,,,
Seanny,BART,Red,,3208,X,6,6,Powell,12th St,2024-12-31,17:05:00,17:21:00,,,,,
Seanny,BART,Red,,4404,X,8,3,12th St,Embarcadero ,2025-01-02,9:22:00,9:34:00,,,,,
Seanny,MUNI,N,21,2063,A,2,2,Embarcadero ,King St & 2nd St,2025-01-02,9:40:00,9:48:00,,,,,
Seanny,MUNI,N,87,2026,B,2,1,King St & 2nd St,Embarcadero ,2025-01-02,17:07:00,17:15:00,,,,,
Seanny,BART,Yellow,,4513,X,8,7,Embarcadero ,12th St,2025-01-02,17:21:00,,,,,,
Seanny,BART,Red,,3286,Y,6,6,12th St,Embarcadero ,2025-01-03,9:17:00,9:29:00,,,,,
Seanny,MUNI,N,21,2147,A,2,2,Embarcadero ,King St & 2nd St,2025-01-03,9:41:00,,,,,,
Seanny,MUNI,N,87,2065,A,2,2,King St & 2nd St,Embarcadero ,2025-01-03,17:05:00,17:15:00,,,,,
Seanny,BART,Red ,,3214,X,6,6,Embarcadero ,12th St,2025-01-03,18:49:00,19:01:00,,,,,
Seanny,BART,Yellow,,4413,Y,8,3,12th St,Embarcadero ,2025-01-06,9:02:00,9:15:00,,,,,
Seanny,MUNI,N,13,2047,B,2,2,Embarcadero ,King St & 2nd St,2025-01-06,9:18:00,9:27:00,,,,,
Seanny,MUNI,N,87,2057,B,2,2,12th St & 2nd St,Embarcadero ,2025-01-06,17:08:00,17:15:00,,,,,
Seanny,BART,Yellow,,4351,Y,8,7,Embarcadero ,12th St,2025-01-06,17:28:00,17:39:00,,,,,
Seanny,BART,Yellow,,4309,X,8,3,12th St,Embarcadero ,2025-01-07,9:22:00,9:33:00,,,,,
Seanny,MUNI,N,8,2065,A,2,2,Embarcadero ,King St & 2nd St,2025-01-07,9:36:00,9:43:00,,,,,
Seanny,MUNI,N,87,1512,B,2,2,King St & 2nd St,Civic Center,2025-01-07,17:05:00,17:20:00,,,,,
Seanny,BART,Red,,4199,X ,8,7,Civic Center,12th St,2025-01-07,17:25:00,17:45:00,Delayed after West Oakland due to police activity at 19th,,,,
Seanny,BART,Red,,4371,X,6,2,12th St,Embarcadero ,2025-01-08,8:57:00,9:08:00,,,,,
Seanny,MUNI,N,13,2086,A,2,2,Embarcadero ,King St & 2nd St,2025-01-08,9:20:00,9:27:00,,,,,
Seanny,MUNI,N,41,2068,A,2,2,King St & 2nd St,Montgomery,2025-01-08,12:57:00,13:09:00,,,,,
Seanny,MUNI,N,78,2133,B,2,2,Montgomery,King St & 2nd St,2025-01-08,14:09:00,14:18:00,,,,,
Seanny,MUNI,N,87,2108,A,2,2,King St & 2nd St,Powell ,2025-01-08,17:08:00,17:19:00,,,,,
Seanny,BART,Red,,4367,X,8,2,Powell ,12th St,2025-01-08,,17:42:00,,,,,
Seanny,BART,Yellow,,4229,Y,8,3,12th St,Embarcadero ,2025-01-09,8:48:00,9:00:00,,,,,
Seanny,MUNI,N,8,2054,A,2,2,Embarcadero ,King St & 2nd St,2025-01-09,9:11:00,9:18:00,,,,,
Seanny,MUNI,N,,2016,B,2,1,King St & 2nd St,Divorce Ave & Church St,2025-01-09,16:07:00,16:29:00,,,,,
Seanny,MUNI,22,444,5729,,,,Fillmore St & Oak St,Church St & Market St,2025-01-09,17:19:00,17:24:00,,,,,
Seanny,MUNI,K,68,2009,B,2,1,Church St,Powell,2025-01-09,17:27:00,17:31:00,,,,,
Seanny,BART,Red,,3208,Y,6,1,12th St,Embarcadero ,2025-01-10,11:41:00,11:53:00,,,,,
Seanny,MUNI,N,18,2028,B,2,2,Embarcadero ,King St & 2nd St,2025-01-10,12:03:00,12:12:00,,,,,
Seanny,MUNI,N,87,2118,B,2,2,King St & 2nd St,Civic Center,2025-01-10,17:05:00,17:18:00,,,,,
Seanny,BART,Red,,4329,Y,8,7,Civic Center,12th St,2025-01-10,17:24:00,17:41:00,,,,,
Seanny,BART,Red,,4294,X,6,2,12th St,Montgomery,2025-01-12,15:38:00,15:51:00,,,,,
Seanny,MUNI,K,46,2393,B,2,2,Civic Center,Church,2025-01-12,15:54:00,16:01:00,,,,,
Seanny,BART,Yellow,,4172,X,8,3,12th St,Embarcadero ,2025-01-13,9:24:00,9:35:00,,,,,
Seanny,MUNI,N,21,2086,A,2,2,Embarcadero ,King St & 2nd St,2025-01-13,9:39:00,9:47:00,,,,,
Seanny,MUNI,N,87,2140,A,2,2,King St & 2nd St,Civic Center,2025-01-13,17:06:00,17:21:00,,,,,
Seanny,BART,Red,,4012,Y,8,5,Civic Center,12th St,2025-01-13,,17:40:00,,,,,
Seanny,BART,Yellow,,4227,Y,8,3,12th St,Embarcadero ,2025-01-14,9:30:00,9:41:00,,,,,
Seanny,MUNI,N,61,2129,A,2,2,Embarcadero ,King St & 2nd St,2025-01-14,9:54:00,10:02:00,,,,,
Seanny,MUNI,N,34,2124,B,2,1,King St & 2nd St,Montgomery,2025-01-14,13:24:00,13:36:00,,,,,
Seanny,MUNI,N,,1497,B,2,2,King St & 2nd St,Civic Center,2025-01-14,17:07:00,17:20:00,,,,,
Seanny,BART,Red ,,4266,Y,8,7,Civic Center,12th St,2025-01-14,17:23:00,17:40:00,,,,,
Seanny,BART,Yellow,,4322,X,8,3,12th St,Embarcadero ,2025-01-15,9:20:00,,,,,,
Seanny,MUNI,N,29,2065,A,2,2,Embarcadero ,King St & 2nd St,2025-01-15,10:09:00,10:16:00,"Protracted delay, no trains, then a single set out of service before the N, which was pretty full.",,,,
Seanny,MUNI,N,70,1525,B,2,1,King St & 2nd St,Van Ness,2025-01-15,16:27:00,16:40:00,,,,,
Seanny,MUNI,K ,68,2103,B,2,1,Van Ness,Civic Center,2025-01-15,17:34:00,,,,,,
Seanny,BART,Yellow,,4276,Y,8,7,Civic Center,12th St,2025-01-15,17:37:00,17:52:00,,,,,
Seanny,BART,Yellow ,,4295,X,8,3,12th St,Embarcadero ,2025-01-16,8:49:00,9:06:00,,,,,
Seanny,MUNI,N,13,2137,B,2,2,Embarcadero ,King St & 2nd St,2025-01-16,9:24:00,9:32:00,"Long delay, then an N passed through Embarcadero without stopping.",,,,
Seanny,MUNI,N,70,,,2,2,King St & 2nd St,Embarcadero ,2025-01-16,16:28:00,16:36:00,,,,,
Seanny,BART,Yellow,,4197,Y,8,7,Embarcadero ,12th St,2025-01-16,16:41:00,16:51:00,,,,,
Seanny,BART,Yellow,,4195,X,8,3,12th St,Embarcadero ,2025-01-17,8:48:00,9:01:00,,,,,
Seanny,MUNI,N,54,2118,A,2,2,Embarcadero ,12th St,2025-01-17,9:04:00,9:12:00,,,,,
Seanny,MUNI,N,87,2118,A,2,2,King St & 2nd St,Powell,2025-01-17,17:10:00,17:20:00,,,,,
Seanny,BART,Yellow,,4496,Y,8,3,12th St,Embarcadero ,2025-01-20,,18:00:00,,,,,
Seanny,MUNI,1,68,5873,,,,Sacramento St & Davis St,Sacramento St & Jones St,2025-01-20,18:06:00,18:12:00,,,,,
Seanny,BART,Yellow,,4205,X,8,3,12th St,Embarcadero ,2025-01-21,9:23:00,9:35:00,,,,,
Seanny,MUNI,N,21,255,B,2,2,Embarcadero ,King St & 2nd St ,2025-01-21,,9:49:00,,,,,
Seanny,MUNI,N,87,2104,A,2,2,King St & 2nd St,Civic Center,2025-01-21,17:07:00,17:23:00,,,,,
Seanny,BART,Yellow,,4289,Y,8,7,Civic Center,12th St,2025-01-21,17:27:00,17:42:00,,,,,
Seanny,BART,Yellow,,4377,X,8,3,12th St,Embarcadero ,2025-01-22,9:29:00,9:40:00,Upscapater at Embarcadero not running,,,,
Seanny,MUNI,N,61,2008,B,2,2,Embarcadero ,King St & 2nd St,2025-01-22,9:49:00,9:56:00,,,,,
Seanny,MUNI,N,6,2020,B,2,1,King St & 2nd St,The Embarcadero & Folsom St,2025-01-22,13:57:00,14:01:00,,,,,
Seanny,MUNI,N,41,2008,B,2,2,The Embarcadero & Folsom St,King St & 2nd St,2025-01-22,14:48:00,14:53:00,,,,,
Seanny,MUNI,N,70,2113,A,2,1,King St & 2nd St,Van Ness,2025-01-22,16:25:00,16:49:00,,,,,
Seanny,MUNI,N,116,2016,B,2,1,Van Ness,Civic Center,2025-01-22,18:00:00,18:02:00,,,,,
Seanny,BART,Yellow,,4277,X,8,7,Civic Center,12th St,2025-01-22,18:06:00,18:22:00,,,,,
Seanny,BART,Red ,,4548,Y,6,2,12th St,Embarcadero ,2025-01-23,8:55:00,9:07:00,Upscapater at Embarcadero not running,,,,
Seanny,MUNI,N,8,2083,A,2,2,Embarcadero ,King St & 2nd St,2025-01-23,9:10:00,9:20:00,Downscapater at Embarcadero not running,Train don't pull forward enough at Folsom,,,
Seanny,MUNI,N,70,2131,B,2,1,King St & 2nd St,Civic Center,2025-01-23,16:27:00,16:42:00,,,,,
Seanny,BART,Yellow,,4218,X,8,7,Civic Center,12th St,2025-01-23,16:46:00,17:02:00,,,,,
Seanny,BART,Red,,3015,Y,6,1,12th St,Embarcadero ,2025-01-24,8:56:00,9:07:00,"Tiny piece of shit on the seat by the door! No one would sit next to it, so I did. They'll all think I'm crazy. I did move though to the green seats. ",,,,
Seanny,MUNI,N,13,2124,B,2,2,Embarcadero ,King St & 2nd St,2025-01-24,9:18:00,9:25:00,,,,,
Seanny,MUNI,N,87,2002,A,2,1,King St & 2nd St,Embarcadero,2025-01-24,17:06:00,5:16:00,,,,,
Seanny,MUNI,N,99,2014,A,8,7,Embarcadero ,King St & 2nd St,2025-01-24,,17:28:00,Forgot my food and had to go back to the office!,,,,
Seanny,MUNI,N,94,2095,B,2,2,King St & 2nd St,Civic Center,2025-01-24,17:38:00,17:52:00,,,,,
Seanny,BART,Red,,4168,X,6,5,Civic Center,12th St,2025-01-24,17:54:00,18:17:00,,,,,
Seanny,BART,Yellow,,3151,Y,8,1,12th St,Embarcadero ,2025-01-25,13:09:00,13:21:00,,,,,
Seanny,MUNI,N,73,2086,A,2,2,Folsom,King St & 2nd St,2025-01-25,,14:35:00,,,,,
Seanny,MUNI,N,73,2065,A,2,2,King St & 2nd St,Embarcadero ,2025-01-25,15:02:00,15:11:00,,,,,
Seanny,BART,Yellow,,3166,X,8,8,Embarcadero ,12th St,2025-01-25,,13:30:00,,,,,
Seanny,AC Transit,29,,1570,,,,11th St & Harrison St - 58888,Lakeshore Av & Lake Park Av - 51062,2025-01-26,15:02:00,,,,,,
Seanny,AC Transit,29,,1361,,,,Lakeshore Av & Lake Park Av - 51063,12th St & Harrison St - 58858,2025-01-26,18:11:00,,,,,,
Seanny,BART,Yellow,,4125,X,8,3,12th St,Embarcadero ,2025-01-27,9:21:00,9:31:00,,,,,
Seanny,MUNI,N,21,2093,B,2,2,Embarcadero ,King St & 2nd St,2025-01-27,9:38:00,,,,,,
Seanny,MUNI,N,70,2091,B,2,1,King St & 2nd St,Van Ness,2025-01-27,16:27:00,16:44:00,,,,,
Seanny,MUNI,M,93,2070,B,2,2,Van Ness,Civic Center,2025-01-27,17:33:00,17:34:00,,,,,
Seanny,BART,Red ,,3213,X,6,6,Civic Center,12th St,2025-01-27,17:44:00,16:00:00,,,,,
Seanny,BART,Red,,4162,X,6,2,12th St,Embarcadero ,2025-01-28,9:15:00,6:26:00,,,,,
Seanny,MUNI,N,21,2105,A,2,2,Embarcadero ,King St & 2nd St,2025-01-28,9:42:00,9:49:00,,,,,
Seanny,MUNI,N,87,2119,B,2,1,King St & 2nd St,Civic Center,2025-01-28,17:09:00,17:27:00,,,,,
Seanny,BART,Yellow,,4236,X,8,7,Civic Center,12th St,2025-01-28,17:34:00,17:49:00,,,,,
Seanny,BART,Yellow,,2125,X,8,3,12th St,Embarcadero ,2025-01-29,9:24:00,9:34:00,,,,,
Seanny,MUNI,N,61,2049,A,2,2,Embarcadero ,King St & 2nd St,2025-01-29,9:56:00,10:05:00,,,,,
Seanny,MUNI,N,87,2039,A,2,2,King St & 2nd St,Embarcadero,2025-01-29,17:09:00,17:16:00,,,,,
Seanny,MUNI,L,112,2046,B,2,2,Embarcadero ,Castro,2025-01-29,17:21:00,17:33:00,Came from left ,,,,
Seanny,MUNI,L,122,2063,B,2,1,Castro ,Montgomery,2025-01-29,22:10:00,22:18:00,,,,,
Seanny,BART,Yellow,,4467,X,8,7,Montgomery,12th St,2025-01-29,22:39:00,10:51:00,,,,,
Seanny,BART,Yellow ,,4477,X,8,2,12th St,Embarcadero ,2025-01-30,8:48:00,8:59:00,Nearly no standing room left ,,,,
Seanny,MUNI,N,8,2059,A,2,2,Embarcadero ,King St & 2nd St,2025-01-30,9:07:00,9:16:00,,,,,
Seanny,MUNI,N,70,2094,A,2,2,King St & 2nd St,Embarcadero,2025-01-30,16:29:00,16:39:00,,,,,
Seanny,BART,Yellow,,4009,Y,8,7,Embarcadero ,12th St,2025-01-30,16:42:00,16:53:00,,,,,
Seanny,BART,Yellow,,4531,X,8,3,12th St,Embarcadero,2025-01-31,10:14:00,10:25:00,Outlet in bike area in X end,,,,
Seanny,MUNI,N,,2094,B,2,2,King St & 2nd St,Folsom ,2025-01-31,17:30:00,17:34:00,No run number ,At least 15 minutes late,3 or 4 other trains in the opposite direction while I was waiting,,
Seanny,MUNI,N,99,1541,A,2,1,Folsom,Embarcadero ,2025-01-31,18:00:00,18:03:00,,,,,
Seanny,BART,Red,,3106,X,6,6,Embarcadero ,West Oakland,2025-01-31,18:09:00,18:16:00,Fairly empty platform,Unwell man in the car. Angry visage and making threatening comments and gestures towards passengers.,I got off at West Oakland and called Bart Police and made a report. ,,
Seanny,BARt,Yellow,,4385,X,8,7,West Oakland,12th St,2025-01-31,18:23:00,18:26:00,,,,,
Seanny,BART,Yellow,,3236,X,8,1,12th St,Civic Center,2025-02-01,10:37:00,10:53:00,,,,,
Seanny,MUNI,M,3,2130,B,1,1,Civic Center,Church,2025-02-01,10:59:00,11:03:00,,,,,
Seanny,MUNI,M,12,2026,B,1,1,Church,Civic Center,2025-02-01,12:18:00,12:22:00,,,,,
Seanny,BART,Yellow,,4186,X,8,6,Civic Center,12th St,2025-02-01,12:37:00,12:51:00,,,,,
Seanny,BART,Red,,4054,X,6,2,12th St,Embarcadero ,2025-02-03,9:17:00,9:28:00,,,,,
Seanny,MUNI,N,21,2027,B,2,2,Embarcadero ,King St & 2nd St,2025-02-03,9:44:00,9:51:00,,,,,
Seanny,MUNI,N,70,2110,A,2,1,King St & 4th St,Van Ness,2025-02-03,16:23:00,16:40:00,,,,,
Seanny,MUNI,N,77,2042,A,2,2,Van Ness,Civc Center,2025-02-03,17:38:00,17:40:00,,,,,
Seanny,BART,Red,,3092,X,6,2,Civic Center,12th St,2025-02-03,17:47:00,18:03:00,,,,,
Seanny,BART,Red,,4404,X,6,3,12th St,Embarcadero ,2025-02-04,9:21:00,9:32:00,"At 09:13:00, a Yellow train passed at speed through the station without stopping. The signs ","At 09:16:00, another one went through the station. This time, the signs flashed ""TRAIN WON'T STOP"".","Before the Red arrived, the signs announced that trains were now stopping normally, and an announcement was made over the tannoy, citing police activity.",,
Seanny,MUNI,N,18,2138,A,2,2,Embarcadero ,King St & 2nd St,2025-02-04,9:41:00,9:49:00,,,,,
Seanny,MUNI,N,90,2068,B,2,2,King St & 2nd St,Embarcadero,2025-02-04,17:27:00,17:37:00,,,,,
Seanny,BART,Red,,3105,X,6,6,Embarcadero,12th St,2025-02-04,17:40:00,17:52:00,Stopped briefly after West Oakland,,,,
Seanny,BART,Red,,3092,Y,6,1,12th St,Embarcadero ,2025-02-05,9:19:00,9:30:00,Held at 12th St to avoid police activity ahead,,,,
Seanny,MUNI,N,21,2004,B,2,2,Embarcadero ,King St & 2nd St,2025-02-05,9:44:00,9:52:00,,,,,
Seanny,MUNI,N,72,2109,A,2,2,King St & 2nd St,Embarcadero ,2025-02-05,,18:29:00,,,,,
Seanny,BART,Yellow,,3060,X,8,8,Embarcadero ,12th St,2025-02-05,18:40:00,18:51:00,,,,,
Seanny,BART,Yellow,,4292,X,8,3,12th St,Embarcadero,2025-02-06,8:38:00,8:48:00,,,,,
Seanny,MUNI,N,,2096,A,2,2,Embarcadero,King St & 2nd St,2025-02-06,8:56:00,9:06:00,No run number ,,,,
Seanny,MUNI,N,116,2049,B,2,2,King St & 2nd St,Embarcadero ,2025-02-06,16:19:00,16:27:00,,,,,
Seanny,BART,Red,,3203,X,6,6,Embarcadero ,12th St,2025-02-06,16:30:00,16:42:00,,,,,
Seanny,BART,Red,,4147,Y,6,2,12th St,Embarcadero ,2025-02-07,10:56:00,11:06:00,,,,,
Seanny,MUNI,N,1,2091,A,2,2,Embarcadero ,King St & 2nd Street ,2025-02-07,11:12:00,11:20:00,,,,,
Seanny,MUNi,N,48,1500,A,2,2,King St & 2nd St,Montgomery,2025-02-07,14:05:00,14:14:00,,,,,
Seanny,BART,Red,,3002,X,6,6,Montgomery,12th St,2025-02-07,15:08:00,15:22:00,,,,,
Seanny,BART,Yellow,,4277,Y,8,3,12th St,Embarcadero ,2025-02-10,9:28:00,9:39:00,,,,,
Seanny,MUNI,N,21,2027,B,2,2,Embarcadero ,King St & 2nd St,2025-02-10,9:41:00,9:49:00,,,,,
Andy,MUNI,M,,1512,B,,,,Civic Center,2025-02-10,,12:20:00,,,,,
Seanny,MUNI,N,70,2002,A,2,1,King St & 2nd St,Van Ness,2025-02-10,16:25:00,16:44:00,,,,,
Seanny,MUNI,J,98,2108,A,1,1,Van Ness,Montgomery,2025-02-10,17:38:00,17:42:00,,,,,
Seanny,BART,Red,,3203,X,6,6,Montgomery,12th St,2025-02-10,17:51:00,18:03:00,,,,,
Seanny,BART,Red,,4426,Y,6,2,12th St,Embarcadero ,2025-02-11,9:15:00,9:26:00,,,,,
Seanny,MUNI,N,21,2044,A,2,2,Embarcadero,King St & 2nd St,2025-02-11,9:37:00,9:45:00,,,,,
Seanny,MUNI,N,,2058,A,2,2,King St & 2nd St,Embarcadero,2025-02-11,16:48:00,16:58:00,No run number,,,,
Seanny,BART,Yellow,,4543,X,8,,Embarcadero ,12th St,2025-02-11,17:02:00,17:12:00,,,,,
Seanny,BART,Yellow,,4309,X,8,3,12th St,Embarcadero,2025-02-12,9:20:00,,Updated display,,,,
Seanny,MUNI,N,21,2010,B,2,2,Embarcadero,King St & 2nd St,2025-02-12,9:42:00,9:50:00,,,,,
Seanny,MUNI,N,87,2060,A,2,1,King St & 2nd St,Embarcadero ,2025-02-12,17:08:00,17:19:00,,,,,
Seanny,MUNI,M,117,2089,B,2,2,Embarcadero ,Church,2025-02-12,17:22:00,17:32:00,,,,,
Seanny,MUNI,37,199,8528,,,,800 Corbett Ave,Market St & Castro St,2025-02-12,22:04:00,22:10:00,,,,,
Seanny,MUNI,M,117,2110,B,2,1,Castro,Montgomery,2025-02-12,22:13:00,22:20:00,,,,,
Seanny,BART,Yellow,,4186,X,8,5,Montgomery,12th St,2025-02-12,22:24:00,22:36:00,,,,,
Seanny,BART,Yellow,,4454,Y,8,3,12th St,Embarcadero,2025-02-13,8:54:00,9:04:00,,,,,
Seanny,MUNI,N,8,2086,B,2,2,Embarcadero,King St & 2nd St,2025-02-13,9:08:00,9:16:00,,,,,
Seanny,MUNI,N,116,2008,B,2,2,King St & 2nd St,Embarcadero,2025-02-13,16:18:00,16:28:00,,,,,
Seanny,BART,Yellow,,4183,Y,8,7,Embarcadero,12th St,2025-02-13,16:36:00,16:47:00,,,,,
Seanny,BART,Yellow,,4453,Y,8,3,12th St,Embarcadero,2025-02-14,8:51:00,9:03:00,,,,,
Seanny,MUNI,N,8,2069,B,2,2,Embarcadero,King St & 2nd St,2025-02-14,9:09:00,9:16:00,,,,,
Seanny,MUNI,N,76,2030,B,2,1,King St & 2nd St,Duboce Ave & Church St,2025-02-14,14:27:00,14:46:00,,,,,
Seanny,MUNI,22,398,5738,,,,Fillmore St & Hayes St - 14621,Fillmore St & Geary Blvd,2025-02-14,17:18:00,17:24:00,Very full,,,,
Seanny,BART,Red,,4055,X,8,,19th St,Powell,2025-02-15,11:53:00,12:10:00,,,,,
Seanny,BART,Red,,3122,Y,8,1,Powell,12th St,2025-02-15,15:09:00,15:23:00,,,,,
Seanny,BART,Yellow,,4292,X,8,,12th St,Powell,2025-02-16,,18:02:00,,,,,
Seanny,BART,Yellow,,3225,X,8,8,Civic Center,12th St,2025-02-16,21:57:00,22:11:00,,,,,
Seanny,BART,Yellow,,4496,X,8,3,12th St,Embarcadero,2025-02-18,,9:35:00,,,,,
Seanny,MUNI,N,21,2038,B,2,2,Embarcadero,King St & 2nd St,2025-02-18,9:39:00,9:47:00,,,,,
Seanny,MUNI,N,87,2142,B,2,1,King St & 2nd St,Embarcadero,2025-02-18,17:06:00,17:15:00,,,,,
Seanny,BART,Yellow,,4228,X,8,7,Embarcadero,12th St,2025-02-18,17:25:00,17:36:00,,,,,
Seanny,BART,Red,,4012,X,6,2,12th St,Embarcadero,2025-02-19,9:35:00,9:46:00,,,,,
Seanny,MUNI,N,61,2070,A,2,2,Embarcadero,King St & 2nd St,2025-02-19,9:53:00,10:00:00,,,,,
Seanny,MUNI,N,116,2122,B,2,2,Van Ness,Civic Center,2025-02-19,18:02:00,18:03:00,,,,,
Seanny,BART,Red,,3002,X,6,6,Civic Center,12th St,2025-02-19,18:08:00,18:24:00,,,,,
Seanny,BART,Red,,4031,Y,6,2,19th St,Embarcadero,2025-02-20,10:38:00,10:50:00,,,,,
Seanny,MUNI,N,48,2021,A,2,2,Embarcadero,King St & 2nd St,2025-02-20,10:57:00,11:04:00,,,,,
Seanny,MUNI,N,70,2140,B,2,2,King St & 2nd St,Folsom,2025-02-20,16:27:00,16:32:00,Stinky man sat down across from me,Extremely stinky woman got on at Brannan pushing trash,,,
Seanny,MUNI,N,70,2056,B,2,1,Folsom,Embarcadero,2025-02-20,13:32:00,16:35:00,Switched cars because I couldn't breathe,,,,
Seanny,BART,Yellow,,4510,X,8,7,Embarcadero,12th St,2025-02-20,16:43:00,16:54:00,,,,,
Seanny,BART,Yellow,,4242,X,8,3,12th St,Embarcadero,2025-02-21,8:48:00,8:59:00,,,,,
Seanny,MUNI,N,8,2026,A,2,2,Embarcadero,King St & 2nd St,2025-02-21,9:09:00,9:18:00,,,,,
Seanny,MUNI,N,87,2123,A,2,1,King St & 2nd St,Civic Center,2025-02-21,17:06:00,17:19:00,,,,,
Seanny,BART,Yellow,,4476,Y,8,7,Civic Center,12th St,2025-02-21,17:33:00,17:49:00,,,,,